id,price_doc
26,7118500.41
30,7118500.41
35,7118500.41
39,7118500.41
48,7118500.41
72,7118500.41
98,7118500.41
102,7118500.41
105,7118500.41
110,7118500.41
121,7118500.41
123,7118500.41
125,7118500.41
127,7118500.41
131,7118500.41
146,7118500.41
148,7118500.41
151,7118500.41
173,7118500.41
175,7118500.41
190,7118500.41
207,7118500.41
220,7118500.41
222,7118500.41
223,7118500.41
225,7118500.41
228,7118500.41
233,7118500.41
239,7118500.41
240,7118500.41
247,7118500.41
253,7118500.41
257,7118500.41
258,7118500.41
270,7118500.41
273,7118500.41
277,7118500.41
285,7118500.41
297,7118500.41
300,7118500.41
317,7118500.41
337,7118500.41
338,7118500.41
343,7118500.41
348,7118500.41
350,7118500.41
359,7118500.41
360,7118500.41
364,7118500.41
365,7118500.41
366,7118500.41
370,7118500.41
380,7118500.41
387,7118500.41
401,7118500.41
402,7118500.41
403,7118500.41
411,7118500.41
416,7118500.41
418,7118500.41
425,7118500.41
444,7118500.41
450,7118500.41
452,7118500.41
455,7118500.41
467,7118500.41
468,7118500.41
479,7118500.41
481,7118500.41
486,7118500.41
496,7118500.41
500,7118500.41
502,7118500.41
505,7118500.41
509,7118500.41
512,7118500.41
519,7118500.41
530,7118500.41
531,7118500.41
549,7118500.41
558,7118500.41
564,7118500.41
569,7118500.41
576,7118500.41
586,7118500.41
590,7118500.41
592,7118500.41
596,7118500.41
605,7118500.41
606,7118500.41
608,7118500.41
619,7118500.41
621,7118500.41
622,7118500.41
624,7118500.41
627,7118500.41
634,7118500.41
642,7118500.41
643,7118500.41
646,7118500.41
648,7118500.41
653,7118500.41
658,7118500.41
660,7118500.41
666,7118500.41
671,7118500.41
675,7118500.41
677,7118500.41
689,7118500.41
692,7118500.41
699,7118500.41
707,7118500.41
711,7118500.41
718,7118500.41
719,7118500.41
727,7118500.41
743,7118500.41
749,7118500.41
751,7118500.41
755,7118500.41
764,7118500.41
776,7118500.41
783,7118500.41
806,7118500.41
809,7118500.41
815,7118500.41
823,7118500.41
825,7118500.41
831,7118500.41
836,7118500.41
841,7118500.41
843,7118500.41
850,7118500.41
852,7118500.41
861,7118500.41
879,7118500.41
887,7118500.41
906,7118500.41
912,7118500.41
916,7118500.41
919,7118500.41
920,7118500.41
923,7118500.41
925,7118500.41
927,7118500.41
944,7118500.41
952,7118500.41
954,7118500.41
959,7118500.41
964,7118500.41
967,7118500.41
976,7118500.41
982,7118500.41
1002,7118500.41
1019,7118500.41
1022,7118500.41
1023,7118500.41
1028,7118500.41
1034,7118500.41
1036,7118500.41
1039,7118500.41
1041,7118500.41
1042,7118500.41
1048,7118500.41
1052,7118500.41
1064,7118500.41
1067,7118500.41
1071,7118500.41
1075,7118500.41
1076,7118500.41
1077,7118500.41
1079,7118500.41
1082,7118500.41
1088,7118500.41
1090,7118500.41
1092,7118500.41
1094,7118500.41
1097,7118500.41
1129,7118500.41
1134,7118500.41
1136,7118500.41
1147,7118500.41
1155,7118500.41
1158,7118500.41
1175,7118500.41
1183,7118500.41
1190,7118500.41
1195,7118500.41
1197,7118500.41
1198,7118500.41
1202,7118500.41
1208,7118500.41
1218,7118500.41
1231,7118500.41
1232,7118500.41
1233,7118500.41
1234,7118500.41
1241,7118500.41
1243,7118500.41
1250,7118500.41
1259,7118500.41
1277,7118500.41
1280,7118500.41
1282,7118500.41
1285,7118500.41
1288,7118500.41
1289,7118500.41
1294,7118500.41
1297,7118500.41
1299,7118500.41
1302,7118500.41
1306,7118500.41
1307,7118500.41
1313,7118500.41
1316,7118500.41
1318,7118500.41
1324,7118500.41
1325,7118500.41
1327,7118500.41
1332,7118500.41
1356,7118500.41
1362,7118500.41
1381,7118500.41
1382,7118500.41
1394,7118500.41
1396,7118500.41
1401,7118500.41
1413,7118500.41
1415,7118500.41
1427,7118500.41
1428,7118500.41
1439,7118500.41
1453,7118500.41
1460,7118500.41
1464,7118500.41
1469,7118500.41
1478,7118500.41
1482,7118500.41
1486,7118500.41
1488,7118500.41
1495,7118500.41
1499,7118500.41
1506,7118500.41
1510,7118500.41
1512,7118500.41
1527,7118500.41
1546,7118500.41
1547,7118500.41
1550,7118500.41
1551,7118500.41
1553,7118500.41
1554,7118500.41
1560,7118500.41
1565,7118500.41
1583,7118500.41
1586,7118500.41
1589,7118500.41
1592,7118500.41
1602,7118500.41
1605,7118500.41
1606,7118500.41
1607,7118500.41
1613,7118500.41
1619,7118500.41
1627,7118500.41
1628,7118500.41
1634,7118500.41
1637,7118500.41
1649,7118500.41
1652,7118500.41
1653,7118500.41
1656,7118500.41
1659,7118500.41
1665,7118500.41
1681,7118500.41
1685,7118500.41
1688,7118500.41
1690,7118500.41
1694,7118500.41
1704,7118500.41
1705,7118500.41
1706,7118500.41
1729,7118500.41
1735,7118500.41
1736,7118500.41
1738,7118500.41
1755,7118500.41
1756,7118500.41
1757,7118500.41
1758,7118500.41
1760,7118500.41
1767,7118500.41
1770,7118500.41
1778,7118500.41
1796,7118500.41
1797,7118500.41
1805,7118500.41
1806,7118500.41
1821,7118500.41
1825,7118500.41
1836,7118500.41
1839,7118500.41
1841,7118500.41
1848,7118500.41
1853,7118500.41
1859,7118500.41
1874,7118500.41
1875,7118500.41
1892,7118500.41
1913,7118500.41
1914,7118500.41
1916,7118500.41
1920,7118500.41
1921,7118500.41
1929,7118500.41
1934,7118500.41
1943,7118500.41
1944,7118500.41
1947,7118500.41
1960,7118500.41
1972,7118500.41
1977,7118500.41
1988,7118500.41
1992,7118500.41
1997,7118500.41
2007,7118500.41
2013,7118500.41
2019,7118500.41
2027,7118500.41
2034,7118500.41
2045,7118500.41
2050,7118500.41
2054,7118500.41
2055,7118500.41
2062,7118500.41
2067,7118500.41
2071,7118500.41
2073,7118500.41
2078,7118500.41
2079,7118500.41
2083,7118500.41
2090,7118500.41
2092,7118500.41
2093,7118500.41
2096,7118500.41
2097,7118500.41
2103,7118500.41
2104,7118500.41
2123,7118500.41
2124,7118500.41
2129,7118500.41
2140,7118500.41
2141,7118500.41
2142,7118500.41
2157,7118500.41
2168,7118500.41
2174,7118500.41
2177,7118500.41
2179,7118500.41
2183,7118500.41
2198,7118500.41
2206,7118500.41
2211,7118500.41
2213,7118500.41
2234,7118500.41
2236,7118500.41
2237,7118500.41
2241,7118500.41
2244,7118500.41
2251,7118500.41
2255,7118500.41
2259,7118500.41
2261,7118500.41
2265,7118500.41
2268,7118500.41
2285,7118500.41
2286,7118500.41
2291,7118500.41
2292,7118500.41
2293,7118500.41
2308,7118500.41
2315,7118500.41
2320,7118500.41
2323,7118500.41
2326,7118500.41
2328,7118500.41
2329,7118500.41
2337,7118500.41
2342,7118500.41
2346,7118500.41
2351,7118500.41
2352,7118500.41
2353,7118500.41
2356,7118500.41
2362,7118500.41
2367,7118500.41
2386,7118500.41
2401,7118500.41
2403,7118500.41
2404,7118500.41
2405,7118500.41
2406,7118500.41
2407,7118500.41
2411,7118500.41
2424,7118500.41
2430,7118500.41
2433,7118500.41
2436,7118500.41
2446,7118500.41
2448,7118500.41
2455,7118500.41
2460,7118500.41
2470,7118500.41
2473,7118500.41
2477,7118500.41
2487,7118500.41
2500,7118500.41
2506,7118500.41
2514,7118500.41
2523,7118500.41
2528,7118500.41
2532,7118500.41
2535,7118500.41
2540,7118500.41
2551,7118500.41
2561,7118500.41
2587,7118500.41
2596,7118500.41
2600,7118500.41
2608,7118500.41
2609,7118500.41
2620,7118500.41
2621,7118500.41
2623,7118500.41
2632,7118500.41
2636,7118500.41
2637,7118500.41
2653,7118500.41
2656,7118500.41
2666,7118500.41
2668,7118500.41
2674,7118500.41
2675,7118500.41
2678,7118500.41
2680,7118500.41
2681,7118500.41
2683,7118500.41
2684,7118500.41
2687,7118500.41
2691,7118500.41
2701,7118500.41
2704,7118500.41
2717,7118500.41
2724,7118500.41
2727,7118500.41
2738,7118500.41
2746,7118500.41
2754,7118500.41
2760,7118500.41
2781,7118500.41
2793,7118500.41
2794,7118500.41
2798,7118500.41
2802,7118500.41
2825,7118500.41
2828,7118500.41
2830,7118500.41
2834,7118500.41
2835,7118500.41
2837,7118500.41
2840,7118500.41
2847,7118500.41
2855,7118500.41
2856,7118500.41
2859,7118500.41
2882,7118500.41
2883,7118500.41
2891,7118500.41
2895,7118500.41
2896,7118500.41
2900,7118500.41
2904,7118500.41
2910,7118500.41
2913,7118500.41
2914,7118500.41
2939,7118500.41
2942,7118500.41
2943,7118500.41
2947,7118500.41
2974,7118500.41
2977,7118500.41
2982,7118500.41
2995,7118500.41
2998,7118500.41
3005,7118500.41
3019,7118500.41
3024,7118500.41
3028,7118500.41
3030,7118500.41
3031,7118500.41
3032,7118500.41
3042,7118500.41
3056,7118500.41
3073,7118500.41
3078,7118500.41
3082,7118500.41
3084,7118500.41
3087,7118500.41
3094,7118500.41
3096,7118500.41
3099,7118500.41
3112,7118500.41
3113,7118500.41
3114,7118500.41
3130,7118500.41
3137,7118500.41
3141,7118500.41
3147,7118500.41
3157,7118500.41
3158,7118500.41
3159,7118500.41
3161,7118500.41
3170,7118500.41
3175,7118500.41
3179,7118500.41
3186,7118500.41
3200,7118500.41
3202,7118500.41
3205,7118500.41
3220,7118500.41
3224,7118500.41
3226,7118500.41
3235,7118500.41
3241,7118500.41
3260,7118500.41
3265,7118500.41
3266,7118500.41
3271,7118500.41
3278,7118500.41
3282,7118500.41
3285,7118500.41
3291,7118500.41
3301,7118500.41
3305,7118500.41
3306,7118500.41
3308,7118500.41
3309,7118500.41
3312,7118500.41
3318,7118500.41
3320,7118500.41
3326,7118500.41
3330,7118500.41
3331,7118500.41
3334,7118500.41
3353,7118500.41
3364,7118500.41
3371,7118500.41
3380,7118500.41
3382,7118500.41
3384,7118500.41
3385,7118500.41
3386,7118500.41
3389,7118500.41
3395,7118500.41
3400,7118500.41
3403,7118500.41
3406,7118500.41
3407,7118500.41
3408,7118500.41
3410,7118500.41
3422,7118500.41
3429,7118500.41
3434,7118500.41
3435,7118500.41
3440,7118500.41
3444,7118500.41
3446,7118500.41
3450,7118500.41
3453,7118500.41
3469,7118500.41
3471,7118500.41
3473,7118500.41
3478,7118500.41
3488,7118500.41
3492,7118500.41
3496,7118500.41
3498,7118500.41
3500,7118500.41
3507,7118500.41
3516,7118500.41
3518,7118500.41
3536,7118500.41
3537,7118500.41
3541,7118500.41
3545,7118500.41
3547,7118500.41
3562,7118500.41
3563,7118500.41
3567,7118500.41
3568,7118500.41
3573,7118500.41
3575,7118500.41
3580,7118500.41
3588,7118500.41
3593,7118500.41
3595,7118500.41
3603,7118500.41
3621,7118500.41
3629,7118500.41
3630,7118500.41
3631,7118500.41
3634,7118500.41
3635,7118500.41
3636,7118500.41
3641,7118500.41
3657,7118500.41
3661,7118500.41
3669,7118500.41
3691,7118500.41
3692,7118500.41
3699,7118500.41
3706,7118500.41
3709,7118500.41
3712,7118500.41
3719,7118500.41
3727,7118500.41
3731,7118500.41
3740,7118500.41
3750,7118500.41
3752,7118500.41
3757,7118500.41
3759,7118500.41
3762,7118500.41
3763,7118500.41
3768,7118500.41
3771,7118500.41
3773,7118500.41
3774,7118500.41
3785,7118500.41
3793,7118500.41
3795,7118500.41
3804,7118500.41
3814,7118500.41
3816,7118500.41
3819,7118500.41
3822,7118500.41
3827,7118500.41
3831,7118500.41
3848,7118500.41
3854,7118500.41
3894,7118500.41
3899,7118500.41
3900,7118500.41
3901,7118500.41
3911,7118500.41
3920,7118500.41
3930,7118500.41
3935,7118500.41
3939,7118500.41
3944,7118500.41
3951,7118500.41
3961,7118500.41
3966,7118500.41
3969,7118500.41
3971,7118500.41
3977,7118500.41
3979,7118500.41
3980,7118500.41
3982,7118500.41
3988,7118500.41
3992,7118500.41
3996,7118500.41
3997,7118500.41
4001,7118500.41
4004,7118500.41
4006,7118500.41
4008,7118500.41
4009,7118500.41
4015,7118500.41
4027,7118500.41
4028,7118500.41
4034,7118500.41
4035,7118500.41
4037,7118500.41
4046,7118500.41
4062,7118500.41
4074,7118500.41
4084,7118500.41
4096,7118500.41
4101,7118500.41
4112,7118500.41
4118,7118500.41
4122,7118500.41
4138,7118500.41
4159,7118500.41
4161,7118500.41
4165,7118500.41
4184,7118500.41
4189,7118500.41
4203,7118500.41
4209,7118500.41
4214,7118500.41
4221,7118500.41
4224,7118500.41
4227,7118500.41
4233,7118500.41
4241,7118500.41
4245,7118500.41
4258,7118500.41
4259,7118500.41
4263,7118500.41
4264,7118500.41
4267,7118500.41
4268,7118500.41
4269,7118500.41
4270,7118500.41
4272,7118500.41
4274,7118500.41
4283,7118500.41
4294,7118500.41
4303,7118500.41
4308,7118500.41
4310,7118500.41
4311,7118500.41
4314,7118500.41
4317,7118500.41
4318,7118500.41
4328,7118500.41
4334,7118500.41
4341,7118500.41
4342,7118500.41
4356,7118500.41
4366,7118500.41
4367,7118500.41
4371,7118500.41
4382,7118500.41
4384,7118500.41
4389,7118500.41
4394,7118500.41
4399,7118500.41
4400,7118500.41
4404,7118500.41
4414,7118500.41
4417,7118500.41
4418,7118500.41
4421,7118500.41
4425,7118500.41
4434,7118500.41
4435,7118500.41
4441,7118500.41
4445,7118500.41
4447,7118500.41
4451,7118500.41
4457,7118500.41
4459,7118500.41
4460,7118500.41
4464,7118500.41
4475,7118500.41
4478,7118500.41
4493,7118500.41
4500,7118500.41
4501,7118500.41
4508,7118500.41
4515,7118500.41
4517,7118500.41
4522,7118500.41
4527,7118500.41
4535,7118500.41
4539,7118500.41
4546,7118500.41
4551,7118500.41
4553,7118500.41
4558,7118500.41
4560,7118500.41
4562,7118500.41
4565,7118500.41
4567,7118500.41
4569,7118500.41
4580,7118500.41
4582,7118500.41
4583,7118500.41
4597,7118500.41
4604,7118500.41
4616,7118500.41
4618,7118500.41
4620,7118500.41
4630,7118500.41
4636,7118500.41
4639,7118500.41
4648,7118500.41
4651,7118500.41
4653,7118500.41
4666,7118500.41
4687,7118500.41
4695,7118500.41
4699,7118500.41
4701,7118500.41
4707,7118500.41
4718,7118500.41
4730,7118500.41
4733,7118500.41
4746,7118500.41
4752,7118500.41
4753,7118500.41
4757,7118500.41
4765,7118500.41
4768,7118500.41
4771,7118500.41
4774,7118500.41
4779,7118500.41
4783,7118500.41
4793,7118500.41
4795,7118500.41
4799,7118500.41
4800,7118500.41
4807,7118500.41
4810,7118500.41
4820,7118500.41
4829,7118500.41
4830,7118500.41
4838,7118500.41
4841,7118500.41
4859,7118500.41
4863,7118500.41
4865,7118500.41
4868,7118500.41
4869,7118500.41
4879,7118500.41
4882,7118500.41
4883,7118500.41
4884,7118500.41
4889,7118500.41
4894,7118500.41
4900,7118500.41
4902,7118500.41
4911,7118500.41
4912,7118500.41
4924,7118500.41
4934,7118500.41
4940,7118500.41
4942,7118500.41
4944,7118500.41
4945,7118500.41
4946,7118500.41
4948,7118500.41
4965,7118500.41
4975,7118500.41
4977,7118500.41
4995,7118500.41
5004,7118500.41
5009,7118500.41
5014,7118500.41
5018,7118500.41
5028,7118500.41
5029,7118500.41
5030,7118500.41
5048,7118500.41
5050,7118500.41
5053,7118500.41
5056,7118500.41
5058,7118500.41
5062,7118500.41
5069,7118500.41
5075,7118500.41
5076,7118500.41
5097,7118500.41
5105,7118500.41
5121,7118500.41
5122,7118500.41
5127,7118500.41
5129,7118500.41
5131,7118500.41
5139,7118500.41
5147,7118500.41
5148,7118500.41
5155,7118500.41
5166,7118500.41
5168,7118500.41
5174,7118500.41
5177,7118500.41
5194,7118500.41
5196,7118500.41
5197,7118500.41
5211,7118500.41
5218,7118500.41
5219,7118500.41
5221,7118500.41
5224,7118500.41
5227,7118500.41
5246,7118500.41
5261,7118500.41
5271,7118500.41
5274,7118500.41
5275,7118500.41
5278,7118500.41
5279,7118500.41
5293,7118500.41
5316,7118500.41
5321,7118500.41
5328,7118500.41
5332,7118500.41
5361,7118500.41
5383,7118500.41
5389,7118500.41
5392,7118500.41
5407,7118500.41
5412,7118500.41
5420,7118500.41
5429,7118500.41
5433,7118500.41
5434,7118500.41
5453,7118500.41
5467,7118500.41
5476,7118500.41
5501,7118500.41
5504,7118500.41
5516,7118500.41
5529,7118500.41
5535,7118500.41
5536,7118500.41
5541,7118500.41
5548,7118500.41
5550,7118500.41
5556,7118500.41
5558,7118500.41
5563,7118500.41
5576,7118500.41
5577,7118500.41
5590,7118500.41
5593,7118500.41
5595,7118500.41
5601,7118500.41
5615,7118500.41
5619,7118500.41
5621,7118500.41
5622,7118500.41
5624,7118500.41
5625,7118500.41
5639,7118500.41
5652,7118500.41
5654,7118500.41
5672,7118500.41
5676,7118500.41
5677,7118500.41
5694,7118500.41
5695,7118500.41
5701,7118500.41
5708,7118500.41
5713,7118500.41
5717,7118500.41
5726,7118500.41
5738,7118500.41
5739,7118500.41
5742,7118500.41
5745,7118500.41
5755,7118500.41
5756,7118500.41
5758,7118500.41
5772,7118500.41
5805,7118500.41
5810,7118500.41
5822,7118500.41
5835,7118500.41
5839,7118500.41
5843,7118500.41
5859,7118500.41
5861,7118500.41
5862,7118500.41
5866,7118500.41
5867,7118500.41
5872,7118500.41
5876,7118500.41
5885,7118500.41
5890,7118500.41
5898,7118500.41
5900,7118500.41
5901,7118500.41
5909,7118500.41
5913,7118500.41
5916,7118500.41
5918,7118500.41
5921,7118500.41
5931,7118500.41
5934,7118500.41
5935,7118500.41
5940,7118500.41
5941,7118500.41
5955,7118500.41
5958,7118500.41
5973,7118500.41
5975,7118500.41
5976,7118500.41
5977,7118500.41
5981,7118500.41
5991,7118500.41
5995,7118500.41
6000,7118500.41
6001,7118500.41
6017,7118500.41
6018,7118500.41
6038,7118500.41
6041,7118500.41
6053,7118500.41
6057,7118500.41
6063,7118500.41
6067,7118500.41
6074,7118500.41
6082,7118500.41
6088,7118500.41
6089,7118500.41
6092,7118500.41
6093,7118500.41
6094,7118500.41
6096,7118500.41
6101,7118500.41
6112,7118500.41
6114,7118500.41
6121,7118500.41
6128,7118500.41
6140,7118500.41
6148,7118500.41
6149,7118500.41
6158,7118500.41
6160,7118500.41
6191,7118500.41
6192,7118500.41
6193,7118500.41
6203,7118500.41
6210,7118500.41
6219,7118500.41
6226,7118500.41
6230,7118500.41
6234,7118500.41
6237,7118500.41
6238,7118500.41
6250,7118500.41
6253,7118500.41
6256,7118500.41
6286,7118500.41
6302,7118500.41
6309,7118500.41
6316,7118500.41
6332,7118500.41
6347,7118500.41
6352,7118500.41
6362,7118500.41
6365,7118500.41
6371,7118500.41
6377,7118500.41
6387,7118500.41
6391,7118500.41
6395,7118500.41
6399,7118500.41
6402,7118500.41
6405,7118500.41
6407,7118500.41
6413,7118500.41
6414,7118500.41
6416,7118500.41
6417,7118500.41
6431,7118500.41
6435,7118500.41
6436,7118500.41
6438,7118500.41
6440,7118500.41
6441,7118500.41
6458,7118500.41
6477,7118500.41
6485,7118500.41
6490,7118500.41
6495,7118500.41
6507,7118500.41
6511,7118500.41
6513,7118500.41
6520,7118500.41
6528,7118500.41
6529,7118500.41
6539,7118500.41
6540,7118500.41
6543,7118500.41
6551,7118500.41
6558,7118500.41
6560,7118500.41
6564,7118500.41
6579,7118500.41
6581,7118500.41
6587,7118500.41
6590,7118500.41
6594,7118500.41
6598,7118500.41
6599,7118500.41
6603,7118500.41
6606,7118500.41
6613,7118500.41
6618,7118500.41
6620,7118500.41
6623,7118500.41
6625,7118500.41
6628,7118500.41
6629,7118500.41
6631,7118500.41
6643,7118500.41
6651,7118500.41
6671,7118500.41
6675,7118500.41
6681,7118500.41
6682,7118500.41
6688,7118500.41
6704,7118500.41
6715,7118500.41
6716,7118500.41
6720,7118500.41
6725,7118500.41
6743,7118500.41
6751,7118500.41
6753,7118500.41
6754,7118500.41
6757,7118500.41
6759,7118500.41
6762,7118500.41
6763,7118500.41
6767,7118500.41
6780,7118500.41
6782,7118500.41
6784,7118500.41
6789,7118500.41
6792,7118500.41
6802,7118500.41
6805,7118500.41
6807,7118500.41
6810,7118500.41
6814,7118500.41
6818,7118500.41
6823,7118500.41
6830,7118500.41
6832,7118500.41
6836,7118500.41
6840,7118500.41
6842,7118500.41
6846,7118500.41
6847,7118500.41
6850,7118500.41
6855,7118500.41
6857,7118500.41
6860,7118500.41
6863,7118500.41
6871,7118500.41
6884,7118500.41
6889,7118500.41
6893,7118500.41
6898,7118500.41
6911,7118500.41
6914,7118500.41
6918,7118500.41
6934,7118500.41
6953,7118500.41
6956,7118500.41
6971,7118500.41
6974,7118500.41
6982,7118500.41
6991,7118500.41
6997,7118500.41
7011,7118500.41
7032,7118500.41
7045,7118500.41
7051,7118500.41
7052,7118500.41
7063,7118500.41
7068,7118500.41
7071,7118500.41
7072,7118500.41
7073,7118500.41
7079,7118500.41
7088,7118500.41
7090,7118500.41
7104,7118500.41
7106,7118500.41
7117,7118500.41
7118,7118500.41
7121,7118500.41
7124,7118500.41
7133,7118500.41
7134,7118500.41
7135,7118500.41
7138,7118500.41
7140,7118500.41
7145,7118500.41
7155,7118500.41
7160,7118500.41
7162,7118500.41
7168,7118500.41
7171,7118500.41
7176,7118500.41
7184,7118500.41
7190,7118500.41
7203,7118500.41
7213,7118500.41
7223,7118500.41
7224,7118500.41
7225,7118500.41
7231,7118500.41
7233,7118500.41
7241,7118500.41
7242,7118500.41
7247,7118500.41
7249,7118500.41
7254,7118500.41
7257,7118500.41
7261,7118500.41
7279,7118500.41
7299,7118500.41
7301,7118500.41
7304,7118500.41
7311,7118500.41
7312,7118500.41
7314,7118500.41
7315,7118500.41
7316,7118500.41
7332,7118500.41
7338,7118500.41
7341,7118500.41
7343,7118500.41
7368,7118500.41
7373,7118500.41
7384,7118500.41
7385,7118500.41
7389,7118500.41
7391,7118500.41
7395,7118500.41
7405,7118500.41
7415,7118500.41
7423,7118500.41
7425,7118500.41
7434,7118500.41
7437,7118500.41
7442,7118500.41
7456,7118500.41
7461,7118500.41
7467,7118500.41
7475,7118500.41
7485,7118500.41
7486,7118500.41
7496,7118500.41
7497,7118500.41
7502,7118500.41
7513,7118500.41
7516,7118500.41
7529,7118500.41
7533,7118500.41
7536,7118500.41
7537,7118500.41
7542,7118500.41
7551,7118500.41
7565,7118500.41
7568,7118500.41
7569,7118500.41
7577,7118500.41
7579,7118500.41
7595,7118500.41
7598,7118500.41
7600,7118500.41
7603,7118500.41
7617,7118500.41
7629,7118500.41
7634,7118500.41
7641,7118500.41
7643,7118500.41
7646,7118500.41
7656,7118500.41
7658,7118500.41
7669,7118500.41
7670,7118500.41
7677,7118500.41
7679,7118500.41
7682,7118500.41
7697,7118500.41
7699,7118500.41
7700,7118500.41
7701,7118500.41
7704,7118500.41
7706,7118500.41
7707,7118500.41
7709,7118500.41
7715,7118500.41
7723,7118500.41
7735,7118500.41
7747,7118500.41
7751,7118500.41
7754,7118500.41
7766,7118500.41
7780,7118500.41
7781,7118500.41
7788,7118500.41
7802,7118500.41
7806,7118500.41
7807,7118500.41
7813,7118500.41
7818,7118500.41
7823,7118500.41
7825,7118500.41
7827,7118500.41
7828,7118500.41
7832,7118500.41
7835,7118500.41
7840,7118500.41
7853,7118500.41
7858,7118500.41
7859,7118500.41
7860,7118500.41
7869,7118500.41
7872,7118500.41
7881,7118500.41
7885,7118500.41
7900,7118500.41
7904,7118500.41
7913,7118500.41
7915,7118500.41
7916,7118500.41
7920,7118500.41
7925,7118500.41
7928,7118500.41
7938,7118500.41
7945,7118500.41
7966,7118500.41
7983,7118500.41
7998,7118500.41
8001,7118500.41
8005,7118500.41
8011,7118500.41
8012,7118500.41
8021,7118500.41
8024,7118500.41
8025,7118500.41
8027,7118500.41
8029,7118500.41
8053,7118500.41
8067,7118500.41
8071,7118500.41
8073,7118500.41
8074,7118500.41
8075,7118500.41
8076,7118500.41
8083,7118500.41
8085,7118500.41
8089,7118500.41
8105,7118500.41
8106,7118500.41
8115,7118500.41
8116,7118500.41
8123,7118500.41
8133,7118500.41
8134,7118500.41
8139,7118500.41
8142,7118500.41
8144,7118500.41
8166,7118500.41
8179,7118500.41
8180,7118500.41
8183,7118500.41
8189,7118500.41
8192,7118500.41
8209,7118500.41
8217,7118500.41
8223,7118500.41
8229,7118500.41
8230,7118500.41
8234,7118500.41
8263,7118500.41
8275,7118500.41
8291,7118500.41
8303,7118500.41
8310,7118500.41
8338,7118500.41
8343,7118500.41
8360,7118500.41
8374,7118500.41
8379,7118500.41
8380,7118500.41
8395,7118500.41
8402,7118500.41
8403,7118500.41
8405,7118500.41
8411,7118500.41
8421,7118500.41
8422,7118500.41
8432,7118500.41
8443,7118500.41
8447,7118500.41
8459,7118500.41
8462,7118500.41
8469,7118500.41
8473,7118500.41
8476,7118500.41
8480,7118500.41
8499,7118500.41
8504,7118500.41
8513,7118500.41
8514,7118500.41
8515,7118500.41
8517,7118500.41
8521,7118500.41
8531,7118500.41
8535,7118500.41
8538,7118500.41
8543,7118500.41
8549,7118500.41
8555,7118500.41
8566,7118500.41
8574,7118500.41
8575,7118500.41
8589,7118500.41
8591,7118500.41
8597,7118500.41
8599,7118500.41
8612,7118500.41
8623,7118500.41
8624,7118500.41
8628,7118500.41
8639,7118500.41
8640,7118500.41
8651,7118500.41
8654,7118500.41
8680,7118500.41
8683,7118500.41
8690,7118500.41
8694,7118500.41
8696,7118500.41
8699,7118500.41
8700,7118500.41
8709,7118500.41
8713,7118500.41
8714,7118500.41
8721,7118500.41
8729,7118500.41
8735,7118500.41
8749,7118500.41
8751,7118500.41
8767,7118500.41
8768,7118500.41
8774,7118500.41
8783,7118500.41
8791,7118500.41
8793,7118500.41
8800,7118500.41
8812,7118500.41
8813,7118500.41
8815,7118500.41
8816,7118500.41
8825,7118500.41
8834,7118500.41
8836,7118500.41
8839,7118500.41
8840,7118500.41
8856,7118500.41
8862,7118500.41
8874,7118500.41
8883,7118500.41
8895,7118500.41
8908,7118500.41
8913,7118500.41
8929,7118500.41
8931,7118500.41
8942,7118500.41
8956,7118500.41
8957,7118500.41
8964,7118500.41
8968,7118500.41
8988,7118500.41
9013,7118500.41
9026,7118500.41
9040,7118500.41
9045,7118500.41
9046,7118500.41
9052,7118500.41
9061,7118500.41
9062,7118500.41
9074,7118500.41
9086,7118500.41
9091,7118500.41
9092,7118500.41
9093,7118500.41
9099,7118500.41
9102,7118500.41
9103,7118500.41
9110,7118500.41
9151,7118500.41
9154,7118500.41
9160,7118500.41
9165,7118500.41
9167,7118500.41
9169,7118500.41
9172,7118500.41
9184,7118500.41
9185,7118500.41
9192,7118500.41
9200,7118500.41
9202,7118500.41
9205,7118500.41
9215,7118500.41
9216,7118500.41
9219,7118500.41
9220,7118500.41
9225,7118500.41
9234,7118500.41
9235,7118500.41
9241,7118500.41
9242,7118500.41
9243,7118500.41
9246,7118500.41
9247,7118500.41
9271,7118500.41
9279,7118500.41
9282,7118500.41
9295,7118500.41
9300,7118500.41
9302,7118500.41
9307,7118500.41
9311,7118500.41
9316,7118500.41
9318,7118500.41
9320,7118500.41
9324,7118500.41
9333,7118500.41
9337,7118500.41
9339,7118500.41
9345,7118500.41
9359,7118500.41
9365,7118500.41
9370,7118500.41
9377,7118500.41
9379,7118500.41
9382,7118500.41
9385,7118500.41
9393,7118500.41
9400,7118500.41
9403,7118500.41
9409,7118500.41
9412,7118500.41
9413,7118500.41
9420,7118500.41
9421,7118500.41
9424,7118500.41
9425,7118500.41
9435,7118500.41
9440,7118500.41
9448,7118500.41
9452,7118500.41
9457,7118500.41
9458,7118500.41
9459,7118500.41
9476,7118500.41
9506,7118500.41
9513,7118500.41
9516,7118500.41
9520,7118500.41
9521,7118500.41
9523,7118500.41
9528,7118500.41
9549,7118500.41
9559,7118500.41
9561,7118500.41
9573,7118500.41
9574,7118500.41
9581,7118500.41
9585,7118500.41
9586,7118500.41
9588,7118500.41
9590,7118500.41
9592,7118500.41
9595,7118500.41
9596,7118500.41
9609,7118500.41
9611,7118500.41
9641,7118500.41
9652,7118500.41
9653,7118500.41
9659,7118500.41
9662,7118500.41
9669,7118500.41
9677,7118500.41
9680,7118500.41
9682,7118500.41
9684,7118500.41
9688,7118500.41
9697,7118500.41
9698,7118500.41
9699,7118500.41
9704,7118500.41
9705,7118500.41
9709,7118500.41
9735,7118500.41
9745,7118500.41
9755,7118500.41
9758,7118500.41
9761,7118500.41
9762,7118500.41
9764,7118500.41
9771,7118500.41
9772,7118500.41
9773,7118500.41
9775,7118500.41
9776,7118500.41
9779,7118500.41
9780,7118500.41
9781,7118500.41
9789,7118500.41
9795,7118500.41
9799,7118500.41
9802,7118500.41
9804,7118500.41
9813,7118500.41
9815,7118500.41
9822,7118500.41
9827,7118500.41
9833,7118500.41
9840,7118500.41
9849,7118500.41
9854,7118500.41
9855,7118500.41
9857,7118500.41
9861,7118500.41
9877,7118500.41
9879,7118500.41
9882,7118500.41
9887,7118500.41
9904,7118500.41
9906,7118500.41
9914,7118500.41
9922,7118500.41
9934,7118500.41
9936,7118500.41
9938,7118500.41
9945,7118500.41
9946,7118500.41
9949,7118500.41
9950,7118500.41
9951,7118500.41
9957,7118500.41
9968,7118500.41
9975,7118500.41
9997,7118500.41
10008,7118500.41
10009,7118500.41
10013,7118500.41
10015,7118500.41
10016,7118500.41
10022,7118500.41
10023,7118500.41
10027,7118500.41
10028,7118500.41
10029,7118500.41
10033,7118500.41
10038,7118500.41
10049,7118500.41
10057,7118500.41
10058,7118500.41
10065,7118500.41
10070,7118500.41
10073,7118500.41
10076,7118500.41
10077,7118500.41
10081,7118500.41
10086,7118500.41
10089,7118500.41
10098,7118500.41
10100,7118500.41
10111,7118500.41
10113,7118500.41
10117,7118500.41
10131,7118500.41
10132,7118500.41
10136,7118500.41
10137,7118500.41
10138,7118500.41
10148,7118500.41
10152,7118500.41
10155,7118500.41
10158,7118500.41
10169,7118500.41
10176,7118500.41
10181,7118500.41
10186,7118500.41
10189,7118500.41
10190,7118500.41
10194,7118500.41
10209,7118500.41
10211,7118500.41
10218,7118500.41
10224,7118500.41
10240,7118500.41
10244,7118500.41
10248,7118500.41
10255,7118500.41
10267,7118500.41
10271,7118500.41
10273,7118500.41
10277,7118500.41
10280,7118500.41
10281,7118500.41
10284,7118500.41
10286,7118500.41
10290,7118500.41
10295,7118500.41
10304,7118500.41
10307,7118500.41
10316,7118500.41
10319,7118500.41
10320,7118500.41
10327,7118500.41
10330,7118500.41
10334,7118500.41
10338,7118500.41
10343,7118500.41
10349,7118500.41
10350,7118500.41
10353,7118500.41
10363,7118500.41
10372,7118500.41
10373,7118500.41
10376,7118500.41
10382,7118500.41
10394,7118500.41
10410,7118500.41
10415,7118500.41
10416,7118500.41
10434,7118500.41
10437,7118500.41
10448,7118500.41
10487,7118500.41
10488,7118500.41
10492,7118500.41
10500,7118500.41
10505,7118500.41
10508,7118500.41
10511,7118500.41
10517,7118500.41
10518,7118500.41
10524,7118500.41
10532,7118500.41
10534,7118500.41
10536,7118500.41
10538,7118500.41
10553,7118500.41
10559,7118500.41
10560,7118500.41
10561,7118500.41
10563,7118500.41
10574,7118500.41
10580,7118500.41
10581,7118500.41
10587,7118500.41
10594,7118500.41
10600,7118500.41
10606,7118500.41
10613,7118500.41
10615,7118500.41
10616,7118500.41
10621,7118500.41
10622,7118500.41
10626,7118500.41
10631,7118500.41
10641,7118500.41
10642,7118500.41
10646,7118500.41
10651,7118500.41
10656,7118500.41
10657,7118500.41
10658,7118500.41
10666,7118500.41
10671,7118500.41
10672,7118500.41
10693,7118500.41
10695,7118500.41
10696,7118500.41
10704,7118500.41
10707,7118500.41
10708,7118500.41
10714,7118500.41
10715,7118500.41
10716,7118500.41
10728,7118500.41
10733,7118500.41
10737,7118500.41
10747,7118500.41
10752,7118500.41
10755,7118500.41
10762,7118500.41
10763,7118500.41
10766,7118500.41
10778,7118500.41
10780,7118500.41
10785,7118500.41
10793,7118500.41
10814,7118500.41
10835,7118500.41
10837,7118500.41
10840,7118500.41
10849,7118500.41
10851,7118500.41
10866,7118500.41
10868,7118500.41
10890,7118500.41
10900,7118500.41
10903,7118500.41
10908,7118500.41
10912,7118500.41
10914,7118500.41
10918,7118500.41
10919,7118500.41
10920,7118500.41
10925,7118500.41
10935,7118500.41
10938,7118500.41
10944,7118500.41
10950,7118500.41
10964,7118500.41
10975,7118500.41
10977,7118500.41
10980,7118500.41
11005,7118500.41
11010,7118500.41
11018,7118500.41
11026,7118500.41
11036,7118500.41
11041,7118500.41
11042,7118500.41
11045,7118500.41
11046,7118500.41
11048,7118500.41
11053,7118500.41
11054,7118500.41
11056,7118500.41
11057,7118500.41
11061,7118500.41
11063,7118500.41
11078,7118500.41
11079,7118500.41
11084,7118500.41
11090,7118500.41
11096,7118500.41
11097,7118500.41
11105,7118500.41
11107,7118500.41
11115,7118500.41
11122,7118500.41
11132,7118500.41
11133,7118500.41
11137,7118500.41
11143,7118500.41
11156,7118500.41
11187,7118500.41
11190,7118500.41
11194,7118500.41
11196,7118500.41
11202,7118500.41
11204,7118500.41
11217,7118500.41
11222,7118500.41
11226,7118500.41
11228,7118500.41
11239,7118500.41
11241,7118500.41
11242,7118500.41
11243,7118500.41
11245,7118500.41
11246,7118500.41
11247,7118500.41
11254,7118500.41
11263,7118500.41
11273,7118500.41
11276,7118500.41
11293,7118500.41
11309,7118500.41
11313,7118500.41
11315,7118500.41
11322,7118500.41
11332,7118500.41
11339,7118500.41
11342,7118500.41
11355,7118500.41
11359,7118500.41
11376,7118500.41
11385,7118500.41
11395,7118500.41
11406,7118500.41
11415,7118500.41
11425,7118500.41
11430,7118500.41
11432,7118500.41
11434,7118500.41
11435,7118500.41
11436,7118500.41
11439,7118500.41
11445,7118500.41
11447,7118500.41
11479,7118500.41
11482,7118500.41
11487,7118500.41
11495,7118500.41
11498,7118500.41
11508,7118500.41
11514,7118500.41
11517,7118500.41
11526,7118500.41
11541,7118500.41
11555,7118500.41
11560,7118500.41
11563,7118500.41
11574,7118500.41
11578,7118500.41
11584,7118500.41
11608,7118500.41
11613,7118500.41
11620,7118500.41
11638,7118500.41
11640,7118500.41
11643,7118500.41
11646,7118500.41
11648,7118500.41
11656,7118500.41
11657,7118500.41
11673,7118500.41
11681,7118500.41
11695,7118500.41
11696,7118500.41
11698,7118500.41
11699,7118500.41
11706,7118500.41
11710,7118500.41
11712,7118500.41
11730,7118500.41
11734,7118500.41
11744,7118500.41
11745,7118500.41
11756,7118500.41
11763,7118500.41
11768,7118500.41
11783,7118500.41
11791,7118500.41
11794,7118500.41
11802,7118500.41
11809,7118500.41
11815,7118500.41
11817,7118500.41
11819,7118500.41
11830,7118500.41
11841,7118500.41
11851,7118500.41
11861,7118500.41
11863,7118500.41
11865,7118500.41
11869,7118500.41
11877,7118500.41
11878,7118500.41
11889,7118500.41
11894,7118500.41
11905,7118500.41
11910,7118500.41
11920,7118500.41
11929,7118500.41
11930,7118500.41
11931,7118500.41
11935,7118500.41
11938,7118500.41
11942,7118500.41
11949,7118500.41
11956,7118500.41
11964,7118500.41
11968,7118500.41
11974,7118500.41
11976,7118500.41
11977,7118500.41
11984,7118500.41
11985,7118500.41
11994,7118500.41
11998,7118500.41
12000,7118500.41
12003,7118500.41
12005,7118500.41
12009,7118500.41
12014,7118500.41
12019,7118500.41
12020,7118500.41
12021,7118500.41
12025,7118500.41
12030,7118500.41
12045,7118500.41
12047,7118500.41
12050,7118500.41
12054,7118500.41
12055,7118500.41
12056,7118500.41
12063,7118500.41
12064,7118500.41
12067,7118500.41
12071,7118500.41
12074,7118500.41
12077,7118500.41
12093,7118500.41
12095,7118500.41
12099,7118500.41
12103,7118500.41
12110,7118500.41
12112,7118500.41
12115,7118500.41
12125,7118500.41
12126,7118500.41
12136,7118500.41
12138,7118500.41
12146,7118500.41
12147,7118500.41
12152,7118500.41
12170,7118500.41
12171,7118500.41
12178,7118500.41
12181,7118500.41
12183,7118500.41
12189,7118500.41
12201,7118500.41
12203,7118500.41
12204,7118500.41
12210,7118500.41
12214,7118500.41
12217,7118500.41
12219,7118500.41
12231,7118500.41
12238,7118500.41
12241,7118500.41
12247,7118500.41
12251,7118500.41
12266,7118500.41
12267,7118500.41
12270,7118500.41
12279,7118500.41
12295,7118500.41
12298,7118500.41
12306,7118500.41
12311,7118500.41
12314,7118500.41
12325,7118500.41
12328,7118500.41
12333,7118500.41
12346,7118500.41
12349,7118500.41
12350,7118500.41
12355,7118500.41
12366,7118500.41
12370,7118500.41
12382,7118500.41
12396,7118500.41
12412,7118500.41
12416,7118500.41
12417,7118500.41
12427,7118500.41
12450,7118500.41
12455,7118500.41
12456,7118500.41
12462,7118500.41
12463,7118500.41
12464,7118500.41
12468,7118500.41
12475,7118500.41
12476,7118500.41
12484,7118500.41
12488,7118500.41
12491,7118500.41
12496,7118500.41
12507,7118500.41
12508,7118500.41
12516,7118500.41
12519,7118500.41
12520,7118500.41
12522,7118500.41
12528,7118500.41
12536,7118500.41
12554,7118500.41
12557,7118500.41
12558,7118500.41
12559,7118500.41
12562,7118500.41
12566,7118500.41
12573,7118500.41
12574,7118500.41
12575,7118500.41
12577,7118500.41
12591,7118500.41
12597,7118500.41
12614,7118500.41
12615,7118500.41
12620,7118500.41
12622,7118500.41
12623,7118500.41
12625,7118500.41
12630,7118500.41
12631,7118500.41
12635,7118500.41
12649,7118500.41
12651,7118500.41
12656,7118500.41
12669,7118500.41
12674,7118500.41
12675,7118500.41
12686,7118500.41
12698,7118500.41
12708,7118500.41
12723,7118500.41
12732,7118500.41
12756,7118500.41
12757,7118500.41
12760,7118500.41
12762,7118500.41
12774,7118500.41
12782,7118500.41
12785,7118500.41
12786,7118500.41
12790,7118500.41
12794,7118500.41
12799,7118500.41
12800,7118500.41
12806,7118500.41
12819,7118500.41
12820,7118500.41
12821,7118500.41
12829,7118500.41
12833,7118500.41
12837,7118500.41
12843,7118500.41
12848,7118500.41
12857,7118500.41
12860,7118500.41
12861,7118500.41
12868,7118500.41
12869,7118500.41
12874,7118500.41
12878,7118500.41
12886,7118500.41
12892,7118500.41
12898,7118500.41
12899,7118500.41
12900,7118500.41
12908,7118500.41
12909,7118500.41
12911,7118500.41
12918,7118500.41
12932,7118500.41
12934,7118500.41
12941,7118500.41
12942,7118500.41
12943,7118500.41
12953,7118500.41
12957,7118500.41
12958,7118500.41
12962,7118500.41
12974,7118500.41
12978,7118500.41
12981,7118500.41
12988,7118500.41
12995,7118500.41
12996,7118500.41
12999,7118500.41
13000,7118500.41
13002,7118500.41
13005,7118500.41
13035,7118500.41
13037,7118500.41
13039,7118500.41
13066,7118500.41
13087,7118500.41
13088,7118500.41
13091,7118500.41
13098,7118500.41
13108,7118500.41
13111,7118500.41
13123,7118500.41
13146,7118500.41
13147,7118500.41
13165,7118500.41
13177,7118500.41
13180,7118500.41
13197,7118500.41
13201,7118500.41
13202,7118500.41
13207,7118500.41
13230,7118500.41
13234,7118500.41
13238,7118500.41
13245,7118500.41
13251,7118500.41
13256,7118500.41
13279,7118500.41
13282,7118500.41
13288,7118500.41
13290,7118500.41
13291,7118500.41
13298,7118500.41
13301,7118500.41
13303,7118500.41
13305,7118500.41
13313,7118500.41
13316,7118500.41
13320,7118500.41
13330,7118500.41
13338,7118500.41
13342,7118500.41
13347,7118500.41
13349,7118500.41
13377,7118500.41
13385,7118500.41
13391,7118500.41
13392,7118500.41
13397,7118500.41
13404,7118500.41
13415,7118500.41
13419,7118500.41
13431,7118500.41
13439,7118500.41
13444,7118500.41
13460,7118500.41
13464,7118500.41
13478,7118500.41
13486,7118500.41
13494,7118500.41
13511,7118500.41
13515,7118500.41
13521,7118500.41
13537,7118500.41
13545,7118500.41
13549,7118500.41
13583,7118500.41
13587,7118500.41
13592,7118500.41
13598,7118500.41
13608,7118500.41
13613,7118500.41
13616,7118500.41
13619,7118500.41
13623,7118500.41
13624,7118500.41
13633,7118500.41
13638,7118500.41
13646,7118500.41
13648,7118500.41
13649,7118500.41
13657,7118500.41
13658,7118500.41
13667,7118500.41
13686,7118500.41
13692,7118500.41
13697,7118500.41
13699,7118500.41
13700,7118500.41
13706,7118500.41
13709,7118500.41
13712,7118500.41
13719,7118500.41
13724,7118500.41
13725,7118500.41
13728,7118500.41
13732,7118500.41
13745,7118500.41
13777,7118500.41
13786,7118500.41
13798,7118500.41
13827,7118500.41
13828,7118500.41
13829,7118500.41
13830,7118500.41
13840,7118500.41
13841,7118500.41
13842,7118500.41
13852,7118500.41
13853,7118500.41
13859,7118500.41
13870,7118500.41
13872,7118500.41
13875,7118500.41
13876,7118500.41
13879,7118500.41
13881,7118500.41
13882,7118500.41
13886,7118500.41
13889,7118500.41
13899,7118500.41
13901,7118500.41
13902,7118500.41
13914,7118500.41
13915,7118500.41
13920,7118500.41
13924,7118500.41
13925,7118500.41
13930,7118500.41
13933,7118500.41
13952,7118500.41
13953,7118500.41
13959,7118500.41
13960,7118500.41
13962,7118500.41
13965,7118500.41
13968,7118500.41
13974,7118500.41
13976,7118500.41
13982,7118500.41
13983,7118500.41
13984,7118500.41
13999,7118500.41
14013,7118500.41
14026,7118500.41
14029,7118500.41
14042,7118500.41
14048,7118500.41
14059,7118500.41
14067,7118500.41
14073,7118500.41
14080,7118500.41
14092,7118500.41
14093,7118500.41
14111,7118500.41
14112,7118500.41
14113,7118500.41
14132,7118500.41
14135,7118500.41
14146,7118500.41
14158,7118500.41
14163,7118500.41
14164,7118500.41
14165,7118500.41
14169,7118500.41
14171,7118500.41
14173,7118500.41
14178,7118500.41
14184,7118500.41
14190,7118500.41
14192,7118500.41
14217,7118500.41
14224,7118500.41
14231,7118500.41
14233,7118500.41
14235,7118500.41
14247,7118500.41
14252,7118500.41
14265,7118500.41
14267,7118500.41
14268,7118500.41
14274,7118500.41
14275,7118500.41
14281,7118500.41
14295,7118500.41
14306,7118500.41
14307,7118500.41
14308,7118500.41
14309,7118500.41
14318,7118500.41
14325,7118500.41
14329,7118500.41
14330,7118500.41
14337,7118500.41
14342,7118500.41
14344,7118500.41
14350,7118500.41
14355,7118500.41
14357,7118500.41
14358,7118500.41
14359,7118500.41
14380,7118500.41
14400,7118500.41
14402,7118500.41
14409,7118500.41
14429,7118500.41
14430,7118500.41
14434,7118500.41
14445,7118500.41
14451,7118500.41
14453,7118500.41
14457,7118500.41
14462,7118500.41
14468,7118500.41
14475,7118500.41
14479,7118500.41
14489,7118500.41
14492,7118500.41
14499,7118500.41
14502,7118500.41
14505,7118500.41
14518,7118500.41
14524,7118500.41
14526,7118500.41
14546,7118500.41
14548,7118500.41
14550,7118500.41
14562,7118500.41
14575,7118500.41
14576,7118500.41
14579,7118500.41
14580,7118500.41
14582,7118500.41
14594,7118500.41
14595,7118500.41
14597,7118500.41
14609,7118500.41
14613,7118500.41
14614,7118500.41
14627,7118500.41
14633,7118500.41
14638,7118500.41
14639,7118500.41
14645,7118500.41
14648,7118500.41
14650,7118500.41
14668,7118500.41
14674,7118500.41
14678,7118500.41
14680,7118500.41
14689,7118500.41
14690,7118500.41
14692,7118500.41
14704,7118500.41
14705,7118500.41
14713,7118500.41
14716,7118500.41
14717,7118500.41
14723,7118500.41
14728,7118500.41
14744,7118500.41
14745,7118500.41
14750,7118500.41
14767,7118500.41
14792,7118500.41
14793,7118500.41
14804,7118500.41
14817,7118500.41
14822,7118500.41
14824,7118500.41
14833,7118500.41
14837,7118500.41
14839,7118500.41
14840,7118500.41
14843,7118500.41
14846,7118500.41
14853,7118500.41
14865,7118500.41
14877,7118500.41
14897,7118500.41
14908,7118500.41
14911,7118500.41
14914,7118500.41
14917,7118500.41
14919,7118500.41
14922,7118500.41
14925,7118500.41
14931,7118500.41
14940,7118500.41
14942,7118500.41
14943,7118500.41
14952,7118500.41
14953,7118500.41
14957,7118500.41
14959,7118500.41
14960,7118500.41
14979,7118500.41
14984,7118500.41
14988,7118500.41
14989,7118500.41
14990,7118500.41
14994,7118500.41
14995,7118500.41
14998,7118500.41
15000,7118500.41
15003,7118500.41
15023,7118500.41
15025,7118500.41
15036,7118500.41
15037,7118500.41
15050,7118500.41
15060,7118500.41
15071,7118500.41
15085,7118500.41
15094,7118500.41
15118,7118500.41
15121,7118500.41
15122,7118500.41
15124,7118500.41
15131,7118500.41
15150,7118500.41
15152,7118500.41
15186,7118500.41
15188,7118500.41
15193,7118500.41
15196,7118500.41
15217,7118500.41
15218,7118500.41
15221,7118500.41
15222,7118500.41
15225,7118500.41
15228,7118500.41
15236,7118500.41
15238,7118500.41
15247,7118500.41
15252,7118500.41
15265,7118500.41
15266,7118500.41
15271,7118500.41
15275,7118500.41
15277,7118500.41
15279,7118500.41
15290,7118500.41
15300,7118500.41
15308,7118500.41
15328,7118500.41
15329,7118500.41
15334,7118500.41
15337,7118500.41
15338,7118500.41
15345,7118500.41
15351,7118500.41
15358,7118500.41
15364,7118500.41
15366,7118500.41
15373,7118500.41
15381,7118500.41
15406,7118500.41
15419,7118500.41
15422,7118500.41
15424,7118500.41
15425,7118500.41
15427,7118500.41
15429,7118500.41
15436,7118500.41
15440,7118500.41
15459,7118500.41
15469,7118500.41
15474,7118500.41
15476,7118500.41
15482,7118500.41
15484,7118500.41
15485,7118500.41
15490,7118500.41
15492,7118500.41
15498,7118500.41
15503,7118500.41
15515,7118500.41
15519,7118500.41
15524,7118500.41
15532,7118500.41
15536,7118500.41
15539,7118500.41
15540,7118500.41
15553,7118500.41
15563,7118500.41
15572,7118500.41
15574,7118500.41
15577,7118500.41
15603,7118500.41
15634,7118500.41
15638,7118500.41
15651,7118500.41
15653,7118500.41
15658,7118500.41
15664,7118500.41
15666,7118500.41
15674,7118500.41
15681,7118500.41
15684,7118500.41
15689,7118500.41
15692,7118500.41
15694,7118500.41
15712,7118500.41
15715,7118500.41
15720,7118500.41
15724,7118500.41
15728,7118500.41
15731,7118500.41
15736,7118500.41
15737,7118500.41
15748,7118500.41
15752,7118500.41
15757,7118500.41
15762,7118500.41
15764,7118500.41
15771,7118500.41
15775,7118500.41
15787,7118500.41
15793,7118500.41
15801,7118500.41
15807,7118500.41
15811,7118500.41
15819,7118500.41
15827,7118500.41
15830,7118500.41
15840,7118500.41
15848,7118500.41
15870,7118500.41
15875,7118500.41
15882,7118500.41
15890,7118500.41
15899,7118500.41
15908,7118500.41
15915,7118500.41
15918,7118500.41
15921,7118500.41
15923,7118500.41
15928,7118500.41
15933,7118500.41
15936,7118500.41
15937,7118500.41
15944,7118500.41
15945,7118500.41
15952,7118500.41
15961,7118500.41
15969,7118500.41
15981,7118500.41
15984,7118500.41
15988,7118500.41
15993,7118500.41
15997,7118500.41
16011,7118500.41
16018,7118500.41
16020,7118500.41
16027,7118500.41
16040,7118500.41
16046,7118500.41
16047,7118500.41
16059,7118500.41
16060,7118500.41
16069,7118500.41
16083,7118500.41
16096,7118500.41
16114,7118500.41
16118,7118500.41
16121,7118500.41
16144,7118500.41
16151,7118500.41
16153,7118500.41
16166,7118500.41
16194,7118500.41
16195,7118500.41
16200,7118500.41
16202,7118500.41
16206,7118500.41
16210,7118500.41
16222,7118500.41
16223,7118500.41
16231,7118500.41
16233,7118500.41
16238,7118500.41
16239,7118500.41
16249,7118500.41
16255,7118500.41
16260,7118500.41
16264,7118500.41
16272,7118500.41
16287,7118500.41
16293,7118500.41
16297,7118500.41
16301,7118500.41
16306,7118500.41
16311,7118500.41
16312,7118500.41
16319,7118500.41
16322,7118500.41
16333,7118500.41
16334,7118500.41
16337,7118500.41
16340,7118500.41
16349,7118500.41
16354,7118500.41
16358,7118500.41
16379,7118500.41
16380,7118500.41
16386,7118500.41
16389,7118500.41
16392,7118500.41
16404,7118500.41
16407,7118500.41
16408,7118500.41
16413,7118500.41
16415,7118500.41
16423,7118500.41
16429,7118500.41
16435,7118500.41
16440,7118500.41
16443,7118500.41
16445,7118500.41
16449,7118500.41
16463,7118500.41
16464,7118500.41
16473,7118500.41
16474,7118500.41
16484,7118500.41
16487,7118500.41
16488,7118500.41
16492,7118500.41
16496,7118500.41
16517,7118500.41
16519,7118500.41
16524,7118500.41
16525,7118500.41
16529,7118500.41
16545,7118500.41
16550,7118500.41
16571,7118500.41
16574,7118500.41
16579,7118500.41
16584,7118500.41
16585,7118500.41
16588,7118500.41
16598,7118500.41
16610,7118500.41
16611,7118500.41
16624,7118500.41
16625,7118500.41
16626,7118500.41
16647,7118500.41
16654,7118500.41
16659,7118500.41
16666,7118500.41
16671,7118500.41
16674,7118500.41
16685,7118500.41
16690,7118500.41
16699,7118500.41
16702,7118500.41
16712,7118500.41
16717,7118500.41
16718,7118500.41
16721,7118500.41
16723,7118500.41
16740,7118500.41
16750,7118500.41
16755,7118500.41
16767,7118500.41
16770,7118500.41
16781,7118500.41
16784,7118500.41
16787,7118500.41
16792,7118500.41
16796,7118500.41
16801,7118500.41
16813,7118500.41
16818,7118500.41
16828,7118500.41
16834,7118500.41
16842,7118500.41
16856,7118500.41
16858,7118500.41
16862,7118500.41
16863,7118500.41
16867,7118500.41
16871,7118500.41
16876,7118500.41
16881,7118500.41
16882,7118500.41
16883,7118500.41
16884,7118500.41
16896,7118500.41
16900,7118500.41
16902,7118500.41
16903,7118500.41
16911,7118500.41
16922,7118500.41
16925,7118500.41
16926,7118500.41
16935,7118500.41
16942,7118500.41
16969,7118500.41
16977,7118500.41
16980,7118500.41
16982,7118500.41
16983,7118500.41
16987,7118500.41
17003,7118500.41
17005,7118500.41
17009,7118500.41
17010,7118500.41
17011,7118500.41
17012,7118500.41
17022,7118500.41
17035,7118500.41
17036,7118500.41
17042,7118500.41
17046,7118500.41
17054,7118500.41
17087,7118500.41
17089,7118500.41
17091,7118500.41
17097,7118500.41
17102,7118500.41
17103,7118500.41
17104,7118500.41
17108,7118500.41
17109,7118500.41
17120,7118500.41
17125,7118500.41
17157,7118500.41
17163,7118500.41
17164,7118500.41
17166,7118500.41
17179,7118500.41
17190,7118500.41
17191,7118500.41
17194,7118500.41
17207,7118500.41
17214,7118500.41
17216,7118500.41
17221,7118500.41
17226,7118500.41
17241,7118500.41
17245,7118500.41
17250,7118500.41
17260,7118500.41
17261,7118500.41
17280,7118500.41
17292,7118500.41
17293,7118500.41
17295,7118500.41
17297,7118500.41
17299,7118500.41
17306,7118500.41
17309,7118500.41
17311,7118500.41
17324,7118500.41
17326,7118500.41
17337,7118500.41
17344,7118500.41
17346,7118500.41
17348,7118500.41
17349,7118500.41
17355,7118500.41
17358,7118500.41
17382,7118500.41
17394,7118500.41
17399,7118500.41
17403,7118500.41
17405,7118500.41
17415,7118500.41
17417,7118500.41
17429,7118500.41
17436,7118500.41
17437,7118500.41
17442,7118500.41
17458,7118500.41
17478,7118500.41
17482,7118500.41
17489,7118500.41
17490,7118500.41
17491,7118500.41
17494,7118500.41
17495,7118500.41
17506,7118500.41
17508,7118500.41
17511,7118500.41
17521,7118500.41
17526,7118500.41
17529,7118500.41
17533,7118500.41
17540,7118500.41
17542,7118500.41
17547,7118500.41
17548,7118500.41
17552,7118500.41
17563,7118500.41
17578,7118500.41
17580,7118500.41
17592,7118500.41
17594,7118500.41
17596,7118500.41
17600,7118500.41
17608,7118500.41
17611,7118500.41
17614,7118500.41
17617,7118500.41
17618,7118500.41
17622,7118500.41
17632,7118500.41
17640,7118500.41
17650,7118500.41
17652,7118500.41
17663,7118500.41
17664,7118500.41
17683,7118500.41
17691,7118500.41
17704,7118500.41
17721,7118500.41
17725,7118500.41
17733,7118500.41
17736,7118500.41
17740,7118500.41
17743,7118500.41
17758,7118500.41
17760,7118500.41
17767,7118500.41
17770,7118500.41
17771,7118500.41
17772,7118500.41
17790,7118500.41
17800,7118500.41
17801,7118500.41
17802,7118500.41
17803,7118500.41
17806,7118500.41
17811,7118500.41
17814,7118500.41
17827,7118500.41
17833,7118500.41
17841,7118500.41
17846,7118500.41
17859,7118500.41
17868,7118500.41
17870,7118500.41
17874,7118500.41
17877,7118500.41
17882,7118500.41
17894,7118500.41
17900,7118500.41
17911,7118500.41
17915,7118500.41
17917,7118500.41
17922,7118500.41
17924,7118500.41
17928,7118500.41
17939,7118500.41
17946,7118500.41
17959,7118500.41
17960,7118500.41
17962,7118500.41
17965,7118500.41
17966,7118500.41
17971,7118500.41
17975,7118500.41
17981,7118500.41
17998,7118500.41
18001,7118500.41
18003,7118500.41
18005,7118500.41
18015,7118500.41
18038,7118500.41
18050,7118500.41
18058,7118500.41
18067,7118500.41
18124,7118500.41
18126,7118500.41
18127,7118500.41
18134,7118500.41
18148,7118500.41
18151,7118500.41
18154,7118500.41
18164,7118500.41
18166,7118500.41
18176,7118500.41
18179,7118500.41
18182,7118500.41
18185,7118500.41
18190,7118500.41
18195,7118500.41
18201,7118500.41
18204,7118500.41
18207,7118500.41
18214,7118500.41
18215,7118500.41
18221,7118500.41
18224,7118500.41
18226,7118500.41
18228,7118500.41
18233,7118500.41
18236,7118500.41
18239,7118500.41
18249,7118500.41
18258,7118500.41
18265,7118500.41
18276,7118500.41
18280,7118500.41
18282,7118500.41
18285,7118500.41
18293,7118500.41
18299,7118500.41
18300,7118500.41
18306,7118500.41
18308,7118500.41
18312,7118500.41
18319,7118500.41
18321,7118500.41
18328,7118500.41
18329,7118500.41
18333,7118500.41
18338,7118500.41
18343,7118500.41
18357,7118500.41
18370,7118500.41
18372,7118500.41
18373,7118500.41
18374,7118500.41
18385,7118500.41
18396,7118500.41
18403,7118500.41
18408,7118500.41
18420,7118500.41
18428,7118500.41
18440,7118500.41
18443,7118500.41
18445,7118500.41
18452,7118500.41
18453,7118500.41
18460,7118500.41
18465,7118500.41
18472,7118500.41
18477,7118500.41
18500,7118500.41
18509,7118500.41
18512,7118500.41
18513,7118500.41
18528,7118500.41
18529,7118500.41
18533,7118500.41
18535,7118500.41
18540,7118500.41
18544,7118500.41
18546,7118500.41
18549,7118500.41
18555,7118500.41
18560,7118500.41
18569,7118500.41
18585,7118500.41
18586,7118500.41
18588,7118500.41
18596,7118500.41
18597,7118500.41
18606,7118500.41
18614,7118500.41
18616,7118500.41
18622,7118500.41
18631,7118500.41
18636,7118500.41
18637,7118500.41
18649,7118500.41
18653,7118500.41
18660,7118500.41
18677,7118500.41
18703,7118500.41
18713,7118500.41
18717,7118500.41
18720,7118500.41
18721,7118500.41
18722,7118500.41
18725,7118500.41
18733,7118500.41
18739,7118500.41
18762,7118500.41
18766,7118500.41
18767,7118500.41
18773,7118500.41
18791,7118500.41
18792,7118500.41
18793,7118500.41
18795,7118500.41
18796,7118500.41
18797,7118500.41
18806,7118500.41
18807,7118500.41
18808,7118500.41
18821,7118500.41
18822,7118500.41
18827,7118500.41
18837,7118500.41
18843,7118500.41
18846,7118500.41
18847,7118500.41
18852,7118500.41
18858,7118500.41
18859,7118500.41
18870,7118500.41
18873,7118500.41
18879,7118500.41
18880,7118500.41
18904,7118500.41
18905,7118500.41
18928,7118500.41
18932,7118500.41
18935,7118500.41
18944,7118500.41
18953,7118500.41
18954,7118500.41
18960,7118500.41
18962,7118500.41
18966,7118500.41
18968,7118500.41
18981,7118500.41
18982,7118500.41
18990,7118500.41
18991,7118500.41
18993,7118500.41
18994,7118500.41
19000,7118500.41
19005,7118500.41
19013,7118500.41
19019,7118500.41
19024,7118500.41
19029,7118500.41
19030,7118500.41
19045,7118500.41
19046,7118500.41
19053,7118500.41
19073,7118500.41
19079,7118500.41
19090,7118500.41
19092,7118500.41
19097,7118500.41
19101,7118500.41
19109,7118500.41
19124,7118500.41
19131,7118500.41
19133,7118500.41
19134,7118500.41
19135,7118500.41
19140,7118500.41
19145,7118500.41
19147,7118500.41
19149,7118500.41
19155,7118500.41
19170,7118500.41
19171,7118500.41
19173,7118500.41
19175,7118500.41
19206,7118500.41
19207,7118500.41
19208,7118500.41
19220,7118500.41
19221,7118500.41
19229,7118500.41
19231,7118500.41
19232,7118500.41
19236,7118500.41
19247,7118500.41
19253,7118500.41
19263,7118500.41
19268,7118500.41
19270,7118500.41
19271,7118500.41
19274,7118500.41
19276,7118500.41
19291,7118500.41
19294,7118500.41
19317,7118500.41
19320,7118500.41
19325,7118500.41
19336,7118500.41
19347,7118500.41
19353,7118500.41
19371,7118500.41
19374,7118500.41
19376,7118500.41
19388,7118500.41
19389,7118500.41
19405,7118500.41
19419,7118500.41
19422,7118500.41
19430,7118500.41
19436,7118500.41
19437,7118500.41
19441,7118500.41
19446,7118500.41
19456,7118500.41
19457,7118500.41
19464,7118500.41
19476,7118500.41
19478,7118500.41
19489,7118500.41
19493,7118500.41
19510,7118500.41
19512,7118500.41
19516,7118500.41
19519,7118500.41
19523,7118500.41
19526,7118500.41
19541,7118500.41
19557,7118500.41
19573,7118500.41
19574,7118500.41
19578,7118500.41
19579,7118500.41
19585,7118500.41
19587,7118500.41
19588,7118500.41
19590,7118500.41
19591,7118500.41
19594,7118500.41
19596,7118500.41
19597,7118500.41
19599,7118500.41
19600,7118500.41
19604,7118500.41
19611,7118500.41
19614,7118500.41
19618,7118500.41
19623,7118500.41
19627,7118500.41
19628,7118500.41
19629,7118500.41
19638,7118500.41
19647,7118500.41
19654,7118500.41
19655,7118500.41
19663,7118500.41
19691,7118500.41
19692,7118500.41
19694,7118500.41
19698,7118500.41
19699,7118500.41
19703,7118500.41
19704,7118500.41
19707,7118500.41
19714,7118500.41
19724,7118500.41
19731,7118500.41
19735,7118500.41
19742,7118500.41
19755,7118500.41
19760,7118500.41
19761,7118500.41
19766,7118500.41
19768,7118500.41
19770,7118500.41
19772,7118500.41
19781,7118500.41
19788,7118500.41
19801,7118500.41
19806,7118500.41
19808,7118500.41
19814,7118500.41
19816,7118500.41
19821,7118500.41
19836,7118500.41
19839,7118500.41
19843,7118500.41
19853,7118500.41
19866,7118500.41
19876,7118500.41
19877,7118500.41
19887,7118500.41
19895,7118500.41
19902,7118500.41
19914,7118500.41
19923,7118500.41
19928,7118500.41
19933,7118500.41
19945,7118500.41
19951,7118500.41
19962,7118500.41
19974,7118500.41
19976,7118500.41
20003,7118500.41
20007,7118500.41
20012,7118500.41
20023,7118500.41
20029,7118500.41
20031,7118500.41
20042,7118500.41
20050,7118500.41
20054,7118500.41
20060,7118500.41
20064,7118500.41
20069,7118500.41
20074,7118500.41
20076,7118500.41
20078,7118500.41
20087,7118500.41
20090,7118500.41
20091,7118500.41
20094,7118500.41
20105,7118500.41
20110,7118500.41
20122,7118500.41
20124,7118500.41
20141,7118500.41
20143,7118500.41
20144,7118500.41
20149,7118500.41
20150,7118500.41
20156,7118500.41
20162,7118500.41
20164,7118500.41
20168,7118500.41
20169,7118500.41
20180,7118500.41
20183,7118500.41
20189,7118500.41
20194,7118500.41
20196,7118500.41
20204,7118500.41
20208,7118500.41
20210,7118500.41
20216,7118500.41
20217,7118500.41
20219,7118500.41
20235,7118500.41
20246,7118500.41
20247,7118500.41
20250,7118500.41
20261,7118500.41
20269,7118500.41
20270,7118500.41
20279,7118500.41
20284,7118500.41
20285,7118500.41
20294,7118500.41
20298,7118500.41
20310,7118500.41
20324,7118500.41
20326,7118500.41
20331,7118500.41
20336,7118500.41
20340,7118500.41
20343,7118500.41
20345,7118500.41
20354,7118500.41
20365,7118500.41
20372,7118500.41
20373,7118500.41
20374,7118500.41
20378,7118500.41
20379,7118500.41
20386,7118500.41
20390,7118500.41
20391,7118500.41
20402,7118500.41
20406,7118500.41
20407,7118500.41
20420,7118500.41
20423,7118500.41
20425,7118500.41
20433,7118500.41
20436,7118500.41
20438,7118500.41
20443,7118500.41
20468,7118500.41
20470,7118500.41
20477,7118500.41
20484,7118500.41
20492,7118500.41
20497,7118500.41
20507,7118500.41
20513,7118500.41
20519,7118500.41
20520,7118500.41
20528,7118500.41
20529,7118500.41
20533,7118500.41
20535,7118500.41
20540,7118500.41
20543,7118500.41
20551,7118500.41
20561,7118500.41
20573,7118500.41
20579,7118500.41
20580,7118500.41
20586,7118500.41
20597,7118500.41
20601,7118500.41
20612,7118500.41
20628,7118500.41
20629,7118500.41
20632,7118500.41
20633,7118500.41
20634,7118500.41
20635,7118500.41
20640,7118500.41
20644,7118500.41
20646,7118500.41
20659,7118500.41
20661,7118500.41
20666,7118500.41
20669,7118500.41
20675,7118500.41
20691,7118500.41
20693,7118500.41
20717,7118500.41
20731,7118500.41
20735,7118500.41
20737,7118500.41
20743,7118500.41
20744,7118500.41
20746,7118500.41
20748,7118500.41
20756,7118500.41
20761,7118500.41
20771,7118500.41
20775,7118500.41
20778,7118500.41
20787,7118500.41
20792,7118500.41
20803,7118500.41
20813,7118500.41
20816,7118500.41
20833,7118500.41
20834,7118500.41
20850,7118500.41
20854,7118500.41
20864,7118500.41
20867,7118500.41
20869,7118500.41
20871,7118500.41
20874,7118500.41
20876,7118500.41
20881,7118500.41
20886,7118500.41
20887,7118500.41
20892,7118500.41
20896,7118500.41
20898,7118500.41
20902,7118500.41
20906,7118500.41
20907,7118500.41
20919,7118500.41
20922,7118500.41
20923,7118500.41
20927,7118500.41
20931,7118500.41
20937,7118500.41
20940,7118500.41
20942,7118500.41
20943,7118500.41
20944,7118500.41
20948,7118500.41
20949,7118500.41
20952,7118500.41
20956,7118500.41
20961,7118500.41
20969,7118500.41
20982,7118500.41
20994,7118500.41
21002,7118500.41
21006,7118500.41
21008,7118500.41
21012,7118500.41
21018,7118500.41
21025,7118500.41
21031,7118500.41
21043,7118500.41
21053,7118500.41
21057,7118500.41
21058,7118500.41
21059,7118500.41
21061,7118500.41
21071,7118500.41
21078,7118500.41
21081,7118500.41
21085,7118500.41
21099,7118500.41
21107,7118500.41
21109,7118500.41
21114,7118500.41
21118,7118500.41
21122,7118500.41
21127,7118500.41
21129,7118500.41
21133,7118500.41
21135,7118500.41
21138,7118500.41
21140,7118500.41
21145,7118500.41
21149,7118500.41
21151,7118500.41
21152,7118500.41
21154,7118500.41
21158,7118500.41
21163,7118500.41
21182,7118500.41
21203,7118500.41
21207,7118500.41
21219,7118500.41
21222,7118500.41
21243,7118500.41
21266,7118500.41
21268,7118500.41
21269,7118500.41
21280,7118500.41
21287,7118500.41
21289,7118500.41
21302,7118500.41
21314,7118500.41
21320,7118500.41
21322,7118500.41
21326,7118500.41
21335,7118500.41
21337,7118500.41
21341,7118500.41
21349,7118500.41
21354,7118500.41
21358,7118500.41
21366,7118500.41
21368,7118500.41
21369,7118500.41
21370,7118500.41
21372,7118500.41
21380,7118500.41
21396,7118500.41
21397,7118500.41
21404,7118500.41
21422,7118500.41
21423,7118500.41
21431,7118500.41
21442,7118500.41
21449,7118500.41
21451,7118500.41
21453,7118500.41
21459,7118500.41
21486,7118500.41
21494,7118500.41
21504,7118500.41
21537,7118500.41
21547,7118500.41
21554,7118500.41
21557,7118500.41
21568,7118500.41
21589,7118500.41
21590,7118500.41
21593,7118500.41
21596,7118500.41
21597,7118500.41
21603,7118500.41
21613,7118500.41
21623,7118500.41
21624,7118500.41
21633,7118500.41
21637,7118500.41
21641,7118500.41
21643,7118500.41
21646,7118500.41
21658,7118500.41
21660,7118500.41
21663,7118500.41
21664,7118500.41
21674,7118500.41
21680,7118500.41
21681,7118500.41
21683,7118500.41
21688,7118500.41
21695,7118500.41
21696,7118500.41
21700,7118500.41
21701,7118500.41
21714,7118500.41
21715,7118500.41
21716,7118500.41
21719,7118500.41
21727,7118500.41
21733,7118500.41
21734,7118500.41
21735,7118500.41
21738,7118500.41
21740,7118500.41
21744,7118500.41
21749,7118500.41
21752,7118500.41
21755,7118500.41
21757,7118500.41
21760,7118500.41
21761,7118500.41
21763,7118500.41
21764,7118500.41
21776,7118500.41
21778,7118500.41
21783,7118500.41
21784,7118500.41
21788,7118500.41
21789,7118500.41
21790,7118500.41
21792,7118500.41
21793,7118500.41
21799,7118500.41
21806,7118500.41
21807,7118500.41
21816,7118500.41
21822,7118500.41
21830,7118500.41
21840,7118500.41
21853,7118500.41
21858,7118500.41
21861,7118500.41
21863,7118500.41
21867,7118500.41
21888,7118500.41
21889,7118500.41
21890,7118500.41
21895,7118500.41
21906,7118500.41
21907,7118500.41
21913,7118500.41
21915,7118500.41
21922,7118500.41
21926,7118500.41
21936,7118500.41
21960,7118500.41
21965,7118500.41
21967,7118500.41
21970,7118500.41
21973,7118500.41
21976,7118500.41
21978,7118500.41
21981,7118500.41
21987,7118500.41
21988,7118500.41
21992,7118500.41
22002,7118500.41
22004,7118500.41
22006,7118500.41
22007,7118500.41
22017,7118500.41
22018,7118500.41
22020,7118500.41
22025,7118500.41
22033,7118500.41
22036,7118500.41
22045,7118500.41
22047,7118500.41
22050,7118500.41
22055,7118500.41
22058,7118500.41
22066,7118500.41
22073,7118500.41
22079,7118500.41
22091,7118500.41
22096,7118500.41
22111,7118500.41
22116,7118500.41
22124,7118500.41
22132,7118500.41
22134,7118500.41
22135,7118500.41
22144,7118500.41
22150,7118500.41
22153,7118500.41
22157,7118500.41
22160,7118500.41
22161,7118500.41
22162,7118500.41
22169,7118500.41
22171,7118500.41
22178,7118500.41
22181,7118500.41
22189,7118500.41
22191,7118500.41
22196,7118500.41
22197,7118500.41
22204,7118500.41
22209,7118500.41
22211,7118500.41
22215,7118500.41
22218,7118500.41
22224,7118500.41
22234,7118500.41
22235,7118500.41
22246,7118500.41
22253,7118500.41
22257,7118500.41
22263,7118500.41
22270,7118500.41
22273,7118500.41
22277,7118500.41
22304,7118500.41
22305,7118500.41
22306,7118500.41
22307,7118500.41
22313,7118500.41
22314,7118500.41
22319,7118500.41
22332,7118500.41
22337,7118500.41
22361,7118500.41
22362,7118500.41
22367,7118500.41
22377,7118500.41
22395,7118500.41
22396,7118500.41
22403,7118500.41
22410,7118500.41
22413,7118500.41
22414,7118500.41
22417,7118500.41
22436,7118500.41
22438,7118500.41
22454,7118500.41
22465,7118500.41
22469,7118500.41
22472,7118500.41
22478,7118500.41
22487,7118500.41
22489,7118500.41
22499,7118500.41
22502,7118500.41
22503,7118500.41
22505,7118500.41
22521,7118500.41
22522,7118500.41
22523,7118500.41
22526,7118500.41
22533,7118500.41
22547,7118500.41
22551,7118500.41
22552,7118500.41
22555,7118500.41
22560,7118500.41
22568,7118500.41
22571,7118500.41
22581,7118500.41
22582,7118500.41
22591,7118500.41
22593,7118500.41
22597,7118500.41
22603,7118500.41
22613,7118500.41
22619,7118500.41
22634,7118500.41
22644,7118500.41
22655,7118500.41
22663,7118500.41
22664,7118500.41
22667,7118500.41
22673,7118500.41
22680,7118500.41
22682,7118500.41
22683,7118500.41
22685,7118500.41
22686,7118500.41
22687,7118500.41
22689,7118500.41
22693,7118500.41
22695,7118500.41
22699,7118500.41
22704,7118500.41
22706,7118500.41
22709,7118500.41
22714,7118500.41
22719,7118500.41
22724,7118500.41
22739,7118500.41
22742,7118500.41
22745,7118500.41
22746,7118500.41
22752,7118500.41
22754,7118500.41
22767,7118500.41
22777,7118500.41
22785,7118500.41
22792,7118500.41
22793,7118500.41
22796,7118500.41
22799,7118500.41
22803,7118500.41
22804,7118500.41
22807,7118500.41
22808,7118500.41
22811,7118500.41
22822,7118500.41
22841,7118500.41
22850,7118500.41
22858,7118500.41
22864,7118500.41
22869,7118500.41
22874,7118500.41
22891,7118500.41
22892,7118500.41
22895,7118500.41
22901,7118500.41
22911,7118500.41
22917,7118500.41
22925,7118500.41
22926,7118500.41
22932,7118500.41
22942,7118500.41
22951,7118500.41
22956,7118500.41
22966,7118500.41
22975,7118500.41
22983,7118500.41
22986,7118500.41
22999,7118500.41
23004,7118500.41
23013,7118500.41
23026,7118500.41
23030,7118500.41
23036,7118500.41
23043,7118500.41
23044,7118500.41
23049,7118500.41
23054,7118500.41
23059,7118500.41
23064,7118500.41
23066,7118500.41
23071,7118500.41
23077,7118500.41
23084,7118500.41
23096,7118500.41
23104,7118500.41
23107,7118500.41
23114,7118500.41
23122,7118500.41
23126,7118500.41
23131,7118500.41
23132,7118500.41
23134,7118500.41
23136,7118500.41
23141,7118500.41
23146,7118500.41
23147,7118500.41
23156,7118500.41
23161,7118500.41
23170,7118500.41
23182,7118500.41
23184,7118500.41
23187,7118500.41
23197,7118500.41
23204,7118500.41
23208,7118500.41
23210,7118500.41
23212,7118500.41
23215,7118500.41
23218,7118500.41
23223,7118500.41
23242,7118500.41
23251,7118500.41
23256,7118500.41
23266,7118500.41
23269,7118500.41
23270,7118500.41
23272,7118500.41
23280,7118500.41
23282,7118500.41
23296,7118500.41
23326,7118500.41
23333,7118500.41
23334,7118500.41
23335,7118500.41
23344,7118500.41
23345,7118500.41
23346,7118500.41
23347,7118500.41
23354,7118500.41
23357,7118500.41
23358,7118500.41
23360,7118500.41
23388,7118500.41
23389,7118500.41
23390,7118500.41
23391,7118500.41
23392,7118500.41
23394,7118500.41
23398,7118500.41
23407,7118500.41
23409,7118500.41
23411,7118500.41
23418,7118500.41
23437,7118500.41
23442,7118500.41
23448,7118500.41
23460,7118500.41
23462,7118500.41
23466,7118500.41
23471,7118500.41
23473,7118500.41
23488,7118500.41
23489,7118500.41
23490,7118500.41
23498,7118500.41
23508,7118500.41
23512,7118500.41
23517,7118500.41
23518,7118500.41
23524,7118500.41
23525,7118500.41
23536,7118500.41
23548,7118500.41
23567,7118500.41
23581,7118500.41
23582,7118500.41
23588,7118500.41
23589,7118500.41
23591,7118500.41
23595,7118500.41
23599,7118500.41
23603,7118500.41
23605,7118500.41
23616,7118500.41
23620,7118500.41
23623,7118500.41
23625,7118500.41
23627,7118500.41
23636,7118500.41
23644,7118500.41
23651,7118500.41
23654,7118500.41
23662,7118500.41
23667,7118500.41
23669,7118500.41
23676,7118500.41
23684,7118500.41
23687,7118500.41
23694,7118500.41
23695,7118500.41
23696,7118500.41
23700,7118500.41
23701,7118500.41
23733,7118500.41
23735,7118500.41
23737,7118500.41
23756,7118500.41
23767,7118500.41
23779,7118500.41
23784,7118500.41
23786,7118500.41
23788,7118500.41
23795,7118500.41
23797,7118500.41
23798,7118500.41
23799,7118500.41
23802,7118500.41
23819,7118500.41
23853,7118500.41
23870,7118500.41
23882,7118500.41
23885,7118500.41
23888,7118500.41
23891,7118500.41
23903,7118500.41
23912,7118500.41
23915,7118500.41
23931,7118500.41
23933,7118500.41
23937,7118500.41
23941,7118500.41
23946,7118500.41
23970,7118500.41
23973,7118500.41
23974,7118500.41
23989,7118500.41
23990,7118500.41
24000,7118500.41
24004,7118500.41
24006,7118500.41
24010,7118500.41
24012,7118500.41
24021,7118500.41
24023,7118500.41
24025,7118500.41
24027,7118500.41
24033,7118500.41
24034,7118500.41
24047,7118500.41
24049,7118500.41
24055,7118500.41
24059,7118500.41
24070,7118500.41
24074,7118500.41
24098,7118500.41
24103,7118500.41
24108,7118500.41
24110,7118500.41
24128,7118500.41
24129,7118500.41
24133,7118500.41
24134,7118500.41
24137,7118500.41
24149,7118500.41
24156,7118500.41
24160,7118500.41
24161,7118500.41
24169,7118500.41
24186,7118500.41
24192,7118500.41
24200,7118500.41
24202,7118500.41
24211,7118500.41
24216,7118500.41
24225,7118500.41
24228,7118500.41
24236,7118500.41
24250,7118500.41
24258,7118500.41
24260,7118500.41
24282,7118500.41
24285,7118500.41
24287,7118500.41
24295,7118500.41
24301,7118500.41
24302,7118500.41
24313,7118500.41
24318,7118500.41
24323,7118500.41
24333,7118500.41
24345,7118500.41
24346,7118500.41
24354,7118500.41
24363,7118500.41
24367,7118500.41
24370,7118500.41
24377,7118500.41
24380,7118500.41
24384,7118500.41
24387,7118500.41
24392,7118500.41
24398,7118500.41
24410,7118500.41
24412,7118500.41
24420,7118500.41
24423,7118500.41
24441,7118500.41
24442,7118500.41
24444,7118500.41
24447,7118500.41
24461,7118500.41
24462,7118500.41
24470,7118500.41
24473,7118500.41
24487,7118500.41
24493,7118500.41
24494,7118500.41
24496,7118500.41
24510,7118500.41
24523,7118500.41
24532,7118500.41
24533,7118500.41
24535,7118500.41
24540,7118500.41
24548,7118500.41
24552,7118500.41
24560,7118500.41
24563,7118500.41
24571,7118500.41
24573,7118500.41
24577,7118500.41
24590,7118500.41
24593,7118500.41
24595,7118500.41
24600,7118500.41
24601,7118500.41
24605,7118500.41
24607,7118500.41
24617,7118500.41
24622,7118500.41
24626,7118500.41
24629,7118500.41
24641,7118500.41
24647,7118500.41
24654,7118500.41
24659,7118500.41
24669,7118500.41
24670,7118500.41
24672,7118500.41
24675,7118500.41
24679,7118500.41
24705,7118500.41
24706,7118500.41
24714,7118500.41
24741,7118500.41
24754,7118500.41
24756,7118500.41
24762,7118500.41
24784,7118500.41
24790,7118500.41
24801,7118500.41
24806,7118500.41
24807,7118500.41
24809,7118500.41
24812,7118500.41
24818,7118500.41
24829,7118500.41
24834,7118500.41
24844,7118500.41
24845,7118500.41
24861,7118500.41
24863,7118500.41
24867,7118500.41
24870,7118500.41
24871,7118500.41
24872,7118500.41
24873,7118500.41
24875,7118500.41
24876,7118500.41
24887,7118500.41
24890,7118500.41
24904,7118500.41
24912,7118500.41
24919,7118500.41
24922,7118500.41
24923,7118500.41
24927,7118500.41
24961,7118500.41
24966,7118500.41
24967,7118500.41
24976,7118500.41
24977,7118500.41
24986,7118500.41
25002,7118500.41
25003,7118500.41
25005,7118500.41
25012,7118500.41
25015,7118500.41
25028,7118500.41
25029,7118500.41
25032,7118500.41
25036,7118500.41
25040,7118500.41
25046,7118500.41
25048,7118500.41
25065,7118500.41
25067,7118500.41
25074,7118500.41
25076,7118500.41
25078,7118500.41
25091,7118500.41
25105,7118500.41
25121,7118500.41
25124,7118500.41
25126,7118500.41
25128,7118500.41
25134,7118500.41
25137,7118500.41
25140,7118500.41
25160,7118500.41
25165,7118500.41
25170,7118500.41
25173,7118500.41
25174,7118500.41
25176,7118500.41
25177,7118500.41
25182,7118500.41
25190,7118500.41
25192,7118500.41
25204,7118500.41
25205,7118500.41
25213,7118500.41
25223,7118500.41
25226,7118500.41
25229,7118500.41
25231,7118500.41
25234,7118500.41
25239,7118500.41
25248,7118500.41
25256,7118500.41
25261,7118500.41
25265,7118500.41
25281,7118500.41
25288,7118500.41
25293,7118500.41
25294,7118500.41
25296,7118500.41
25301,7118500.41
25315,7118500.41
25323,7118500.41
25328,7118500.41
25341,7118500.41
25343,7118500.41
25356,7118500.41
25365,7118500.41
25377,7118500.41
25382,7118500.41
25386,7118500.41
25388,7118500.41
25390,7118500.41
25394,7118500.41
25401,7118500.41
25406,7118500.41
25417,7118500.41
25425,7118500.41
25430,7118500.41
25444,7118500.41
25446,7118500.41
25456,7118500.41
25460,7118500.41
25465,7118500.41
25468,7118500.41
25477,7118500.41
25478,7118500.41
25479,7118500.41
25486,7118500.41
25493,7118500.41
25499,7118500.41
25505,7118500.41
25507,7118500.41
25508,7118500.41
25511,7118500.41
25512,7118500.41
25517,7118500.41
25519,7118500.41
25521,7118500.41
25522,7118500.41
25523,7118500.41
25526,7118500.41
25534,7118500.41
25537,7118500.41
25539,7118500.41
25543,7118500.41
25551,7118500.41
25554,7118500.41
25556,7118500.41
25563,7118500.41
25575,7118500.41
25583,7118500.41
25586,7118500.41
25592,7118500.41
25600,7118500.41
25604,7118500.41
25610,7118500.41
25611,7118500.41
25630,7118500.41
25632,7118500.41
25635,7118500.41
25659,7118500.41
25671,7118500.41
25680,7118500.41
25687,7118500.41
25698,7118500.41
25721,7118500.41
25723,7118500.41
25727,7118500.41
25735,7118500.41
25738,7118500.41
25745,7118500.41
25747,7118500.41
25748,7118500.41
25751,7118500.41
25753,7118500.41
25755,7118500.41
25777,7118500.41
25783,7118500.41
25785,7118500.41
25788,7118500.41
25792,7118500.41
25796,7118500.41
25816,7118500.41
25817,7118500.41
25824,7118500.41
25826,7118500.41
25828,7118500.41
25830,7118500.41
25838,7118500.41
25843,7118500.41
25851,7118500.41
25854,7118500.41
25858,7118500.41
25863,7118500.41
25866,7118500.41
25872,7118500.41
25904,7118500.41
25917,7118500.41
25918,7118500.41
25920,7118500.41
25925,7118500.41
25928,7118500.41
25932,7118500.41
25937,7118500.41
25946,7118500.41
25962,7118500.41
25974,7118500.41
25975,7118500.41
25977,7118500.41
25984,7118500.41
25986,7118500.41
25988,7118500.41
26007,7118500.41
26008,7118500.41
26009,7118500.41
26011,7118500.41
26014,7118500.41
26019,7118500.41
26023,7118500.41
26035,7118500.41
26039,7118500.41
26046,7118500.41
26055,7118500.41
26057,7118500.41
26066,7118500.41
26072,7118500.41
26085,7118500.41
26087,7118500.41
26088,7118500.41
26092,7118500.41
26094,7118500.41
26097,7118500.41
26104,7118500.41
26110,7118500.41
26117,7118500.41
26121,7118500.41
26126,7118500.41
26135,7118500.41
26138,7118500.41
26146,7118500.41
26147,7118500.41
26151,7118500.41
26155,7118500.41
26159,7118500.41
26163,7118500.41
26168,7118500.41
26173,7118500.41
26187,7118500.41
26193,7118500.41
26194,7118500.41
26196,7118500.41
26200,7118500.41
26202,7118500.41
26204,7118500.41
26212,7118500.41
26218,7118500.41
26229,7118500.41
26238,7118500.41
26251,7118500.41
26268,7118500.41
26274,7118500.41
26275,7118500.41
26286,7118500.41
26295,7118500.41
26299,7118500.41
26300,7118500.41
26301,7118500.41
26306,7118500.41
26309,7118500.41
26315,7118500.41
26317,7118500.41
26321,7118500.41
26324,7118500.41
26328,7118500.41
26329,7118500.41
26332,7118500.41
26341,7118500.41
26354,7118500.41
26386,7118500.41
26392,7118500.41
26395,7118500.41
26397,7118500.41
26398,7118500.41
26404,7118500.41
26410,7118500.41
26414,7118500.41
26419,7118500.41
26421,7118500.41
26433,7118500.41
26439,7118500.41
26443,7118500.41
26446,7118500.41
26450,7118500.41
26458,7118500.41
26461,7118500.41
26472,7118500.41
26474,7118500.41
26477,7118500.41
26494,7118500.41
26500,7118500.41
26521,7118500.41
26525,7118500.41
26538,7118500.41
26542,7118500.41
26545,7118500.41
26553,7118500.41
26556,7118500.41
26568,7118500.41
26573,7118500.41
26575,7118500.41
26576,7118500.41
26588,7118500.41
26595,7118500.41
26600,7118500.41
26602,7118500.41
26611,7118500.41
26622,7118500.41
26623,7118500.41
26626,7118500.41
26628,7118500.41
26637,7118500.41
26642,7118500.41
26646,7118500.41
26653,7118500.41
26655,7118500.41
26661,7118500.41
26677,7118500.41
26679,7118500.41
26681,7118500.41
26688,7118500.41
26689,7118500.41
26692,7118500.41
26693,7118500.41
26694,7118500.41
26698,7118500.41
26701,7118500.41
26714,7118500.41
26718,7118500.41
26723,7118500.41
26726,7118500.41
26732,7118500.41
26751,7118500.41
26759,7118500.41
26766,7118500.41
26767,7118500.41
26769,7118500.41
26771,7118500.41
26774,7118500.41
26776,7118500.41
26780,7118500.41
26790,7118500.41
26794,7118500.41
26799,7118500.41
26803,7118500.41
26820,7118500.41
26825,7118500.41
26832,7118500.41
26841,7118500.41
26849,7118500.41
26855,7118500.41
26859,7118500.41
26874,7118500.41
26895,7118500.41
26899,7118500.41
26901,7118500.41
26905,7118500.41
26911,7118500.41
26913,7118500.41
26914,7118500.41
26919,7118500.41
26920,7118500.41
26921,7118500.41
26926,7118500.41
26930,7118500.41
26940,7118500.41
26949,7118500.41
26960,7118500.41
26961,7118500.41
26972,7118500.41
26975,7118500.41
26976,7118500.41
26980,7118500.41
26983,7118500.41
26987,7118500.41
26998,7118500.41
27000,7118500.41
27008,7118500.41
27012,7118500.41
27019,7118500.41
27028,7118500.41
27029,7118500.41
27030,7118500.41
27032,7118500.41
27039,7118500.41
27043,7118500.41
27052,7118500.41
27056,7118500.41
27058,7118500.41
27066,7118500.41
27068,7118500.41
27069,7118500.41
27077,7118500.41
27078,7118500.41
27086,7118500.41
27106,7118500.41
27107,7118500.41
27109,7118500.41
27112,7118500.41
27121,7118500.41
27125,7118500.41
27127,7118500.41
27132,7118500.41
27133,7118500.41
27138,7118500.41
27150,7118500.41
27152,7118500.41
27159,7118500.41
27168,7118500.41
27169,7118500.41
27172,7118500.41
27174,7118500.41
27176,7118500.41
27177,7118500.41
27180,7118500.41
27184,7118500.41
27188,7118500.41
27191,7118500.41
27204,7118500.41
27205,7118500.41
27220,7118500.41
27221,7118500.41
27232,7118500.41
27237,7118500.41
27246,7118500.41
27250,7118500.41
27254,7118500.41
27255,7118500.41
27257,7118500.41
27258,7118500.41
27264,7118500.41
27265,7118500.41
27267,7118500.41
27277,7118500.41
27279,7118500.41
27281,7118500.41
27290,7118500.41
27297,7118500.41
27306,7118500.41
27308,7118500.41
27316,7118500.41
27317,7118500.41
27325,7118500.41
27326,7118500.41
27334,7118500.41
27336,7118500.41
27346,7118500.41
27350,7118500.41
27356,7118500.41
27361,7118500.41
27363,7118500.41
27367,7118500.41
27387,7118500.41
27391,7118500.41
27395,7118500.41
27396,7118500.41
27397,7118500.41
27408,7118500.41
27417,7118500.41
27427,7118500.41
27439,7118500.41
27447,7118500.41
27449,7118500.41
27452,7118500.41
27458,7118500.41
27468,7118500.41
27480,7118500.41
27485,7118500.41
27493,7118500.41
27497,7118500.41
27505,7118500.41
27506,7118500.41
27508,7118500.41
27510,7118500.41
27512,7118500.41
27513,7118500.41
27514,7118500.41
27517,7118500.41
27522,7118500.41
27527,7118500.41
27535,7118500.41
27536,7118500.41
27545,7118500.41
27549,7118500.41
27550,7118500.41
27568,7118500.41
27569,7118500.41
27578,7118500.41
27583,7118500.41
27591,7118500.41
27594,7118500.41
27600,7118500.41
27604,7118500.41
27617,7118500.41
27619,7118500.41
27626,7118500.41
27631,7118500.41
27655,7118500.41
27677,7118500.41
27679,7118500.41
27683,7118500.41
27685,7118500.41
27691,7118500.41
27694,7118500.41
27704,7118500.41
27712,7118500.41
27736,7118500.41
27750,7118500.41
27765,7118500.41
27780,7118500.41
27786,7118500.41
27794,7118500.41
27796,7118500.41
27800,7118500.41
27807,7118500.41
27811,7118500.41
27826,7118500.41
27830,7118500.41
27832,7118500.41
27837,7118500.41
27841,7118500.41
27842,7118500.41
27844,7118500.41
27852,7118500.41
27858,7118500.41
27859,7118500.41
27862,7118500.41
27865,7118500.41
27866,7118500.41
27872,7118500.41
27877,7118500.41
27888,7118500.41
27894,7118500.41
27899,7118500.41
27905,7118500.41
27916,7118500.41
27925,7118500.41
27929,7118500.41
27934,7118500.41
27956,7118500.41
27959,7118500.41
27962,7118500.41
27963,7118500.41
27965,7118500.41
27966,7118500.41
27971,7118500.41
27974,7118500.41
27978,7118500.41
27980,7118500.41
27982,7118500.41
27987,7118500.41
28003,7118500.41
28004,7118500.41
28011,7118500.41
28015,7118500.41
28017,7118500.41
28028,7118500.41
28052,7118500.41
28054,7118500.41
28055,7118500.41
28057,7118500.41
28061,7118500.41
28064,7118500.41
28065,7118500.41
28078,7118500.41
28081,7118500.41
28086,7118500.41
28090,7118500.41
28098,7118500.41
28102,7118500.41
28119,7118500.41
28120,7118500.41
28126,7118500.41
28128,7118500.41
28130,7118500.41
28137,7118500.41
28142,7118500.41
28143,7118500.41
28151,7118500.41
28152,7118500.41
28155,7118500.41
28161,7118500.41
28162,7118500.41
28168,7118500.41
28182,7118500.41
28191,7118500.41
28239,7118500.41
28257,7118500.41
28259,7118500.41
28261,7118500.41
28269,7118500.41
28284,7118500.41
28285,7118500.41
28293,7118500.41
28297,7118500.41
28298,7118500.41
28312,7118500.41
28319,7118500.41
28321,7118500.41
28326,7118500.41
28340,7118500.41
28356,7118500.41
28361,7118500.41
28362,7118500.41
28366,7118500.41
28376,7118500.41
28394,7118500.41
28396,7118500.41
28397,7118500.41
28402,7118500.41
28409,7118500.41
28410,7118500.41
28421,7118500.41
28425,7118500.41
28426,7118500.41
28427,7118500.41
28428,7118500.41
28430,7118500.41
28437,7118500.41
28449,7118500.41
28452,7118500.41
28457,7118500.41
28459,7118500.41
28462,7118500.41
28469,7118500.41
28472,7118500.41
28487,7118500.41
28503,7118500.41
28519,7118500.41
28521,7118500.41
28528,7118500.41
28537,7118500.41
28538,7118500.41
28543,7118500.41
28562,7118500.41
28567,7118500.41
28579,7118500.41
28585,7118500.41
28595,7118500.41
28601,7118500.41
28605,7118500.41
28618,7118500.41
28620,7118500.41
28622,7118500.41
28647,7118500.41
28656,7118500.41
28657,7118500.41
28661,7118500.41
28675,7118500.41
28678,7118500.41
28696,7118500.41
28702,7118500.41
28705,7118500.41
28709,7118500.41
28713,7118500.41
28718,7118500.41
28724,7118500.41
28726,7118500.41
28729,7118500.41
28741,7118500.41
28743,7118500.41
28747,7118500.41
28753,7118500.41
28756,7118500.41
28760,7118500.41
28771,7118500.41
28773,7118500.41
28777,7118500.41
28794,7118500.41
28800,7118500.41
28814,7118500.41
28821,7118500.41
28826,7118500.41
28838,7118500.41
28850,7118500.41
28854,7118500.41
28859,7118500.41
28870,7118500.41
28894,7118500.41
28904,7118500.41
28907,7118500.41
28910,7118500.41
28912,7118500.41
28915,7118500.41
28923,7118500.41
28925,7118500.41
28928,7118500.41
28929,7118500.41
28930,7118500.41
28936,7118500.41
28938,7118500.41
28939,7118500.41
28947,7118500.41
28958,7118500.41
28963,7118500.41
28968,7118500.41
28969,7118500.41
28974,7118500.41
28980,7118500.41
28981,7118500.41
28986,7118500.41
28987,7118500.41
28991,7118500.41
28992,7118500.41
28997,7118500.41
29001,7118500.41
29003,7118500.41
29014,7118500.41
29016,7118500.41
29021,7118500.41
29032,7118500.41
29033,7118500.41
29034,7118500.41
29036,7118500.41
29047,7118500.41
29058,7118500.41
29060,7118500.41
29068,7118500.41
29072,7118500.41
29073,7118500.41
29078,7118500.41
29086,7118500.41
29092,7118500.41
29104,7118500.41
29114,7118500.41
29125,7118500.41
29128,7118500.41
29131,7118500.41
29132,7118500.41
29137,7118500.41
29139,7118500.41
29144,7118500.41
29159,7118500.41
29162,7118500.41
29170,7118500.41
29175,7118500.41
29178,7118500.41
29181,7118500.41
29183,7118500.41
29184,7118500.41
29188,7118500.41
29194,7118500.41
29210,7118500.41
29218,7118500.41
29222,7118500.41
29226,7118500.41
29230,7118500.41
29248,7118500.41
29257,7118500.41
29262,7118500.41
29266,7118500.41
29273,7118500.41
29281,7118500.41
29290,7118500.41
29301,7118500.41
29306,7118500.41
29307,7118500.41
29308,7118500.41
29311,7118500.41
29329,7118500.41
29337,7118500.41
29342,7118500.41
29343,7118500.41
29344,7118500.41
29361,7118500.41
29363,7118500.41
29365,7118500.41
29374,7118500.41
29376,7118500.41
29392,7118500.41
29393,7118500.41
29404,7118500.41
29406,7118500.41
29409,7118500.41
29417,7118500.41
29421,7118500.41
29432,7118500.41
29453,7118500.41
29462,7118500.41
29463,7118500.41
29465,7118500.41
29475,7118500.41
29476,7118500.41
29484,7118500.41
29495,7118500.41
29507,7118500.41
29528,7118500.41
29537,7118500.41
29547,7118500.41
29552,7118500.41
29563,7118500.41
29569,7118500.41
29572,7118500.41
29582,7118500.41
29596,7118500.41
29599,7118500.41
29601,7118500.41
29618,7118500.41
29626,7118500.41
29629,7118500.41
29653,7118500.41
29660,7118500.41
29661,7118500.41
29673,7118500.41
29675,7118500.41
29676,7118500.41
29677,7118500.41
29682,7118500.41
29684,7118500.41
29686,7118500.41
29689,7118500.41
29690,7118500.41
29698,7118500.41
29699,7118500.41
29701,7118500.41
29704,7118500.41
29707,7118500.41
29711,7118500.41
29712,7118500.41
29714,7118500.41
29724,7118500.41
29739,7118500.41
29741,7118500.41
29742,7118500.41
29746,7118500.41
29751,7118500.41
29752,7118500.41
29756,7118500.41
29765,7118500.41
29780,7118500.41
29783,7118500.41
29784,7118500.41
29791,7118500.41
29803,7118500.41
29811,7118500.41
29812,7118500.41
29815,7118500.41
29830,7118500.41
29860,7118500.41
29861,7118500.41
29870,7118500.41
29878,7118500.41
29883,7118500.41
29884,7118500.41
29885,7118500.41
29888,7118500.41
29894,7118500.41
29912,7118500.41
29925,7118500.41
29928,7118500.41
29942,7118500.41
29949,7118500.41
29952,7118500.41
29955,7118500.41
29959,7118500.41
29973,7118500.41
29983,7118500.41
29984,7118500.41
29986,7118500.41
29988,7118500.41
30001,7118500.41
30007,7118500.41
30013,7118500.41
30018,7118500.41
30034,7118500.41
30044,7118500.41
30045,7118500.41
30052,7118500.41
30055,7118500.41
30056,7118500.41
30069,7118500.41
30073,7118500.41
30077,7118500.41
30081,7118500.41
30084,7118500.41
30086,7118500.41
30102,7118500.41
30117,7118500.41
30118,7118500.41
30147,7118500.41
30150,7118500.41
30164,7118500.41
30168,7118500.41
30170,7118500.41
30171,7118500.41
30173,7118500.41
30174,7118500.41
30179,7118500.41
30187,7118500.41
30192,7118500.41
30203,7118500.41
30205,7118500.41
30211,7118500.41
30214,7118500.41
30215,7118500.41
30216,7118500.41
30219,7118500.41
30225,7118500.41
30240,7118500.41
30242,7118500.41
30260,7118500.41
30269,7118500.41
30273,7118500.41
30278,7118500.41
30286,7118500.41
30287,7118500.41
30288,7118500.41
30290,7118500.41
30295,7118500.41
30298,7118500.41
30300,7118500.41
30313,7118500.41
30314,7118500.41
30317,7118500.41
30318,7118500.41
30320,7118500.41
30324,7118500.41
30325,7118500.41
30327,7118500.41
30338,7118500.41
30339,7118500.41
30350,7118500.41
30362,7118500.41
30364,7118500.41
30370,7118500.41
30371,7118500.41
30378,7118500.41
30385,7118500.41
30392,7118500.41
30395,7118500.41
30400,7118500.41
30407,7118500.41
30413,7118500.41
30425,7118500.41
30428,7118500.41
30429,7118500.41
30439,7118500.41
30443,7118500.41
30449,7118500.41
30450,7118500.41
30453,7118500.41
30457,7118500.41
30459,7118500.41
30460,7118500.41
30462,7118500.41
30469,7118500.41
